molecule_chembl_id,canonical_smiles,pIC50
CHEMBL1401841,COc1ccc2nc3cccc(OC)c3nc2c1,4.0
CHEMBL1608853,O=C(O)c1ccc2c(c1)C(=O)/C(=C\c1ccco1)C2=O,4.909741947068683
CHEMBL1429799,O=C1NN(c2ccccc2)C(=O)/C1=C\c1ccccc1OCC(=O)N1CCOCC1,4.0
CHEMBL246446,O=C(O)c1ccc2nc(-c3ccco3)c(-c3ccco3)nc2c1,4.292685366411292
CHEMBL1383455,CCn1nc([N+](=O)[O-])c(C(C#N)c2nc3ccccc3n2C)c(Cl)c1=O,4.0
CHEMBL1485159,C[n+]1c2ccccc2nc2ccc(NCCO)cc21.[O-][Cl+3]([O-])([O-])[O-],4.729554091982037
CHEMBL1383611,C=CCOc1c(Br)cc(/C=C2/C(=O)ON=C2C)cc1OC,4.0
CHEMBL1730401,Nc1cccc2c(O)cc(S(=O)(=O)O)cc12,4.369165482171949
CHEMBL1440986,O=C(Nc1ccccc1C(=O)O)c1cccc(C(=O)Nc2ccccc2C(=O)O)c1,4.260427655549908
CHEMBL3194058,CCOc1cc(/C=N/NC2=NC(=O)C(CC(=O)O)S2)ccc1OCc1ccc(Cl)cc1,4.319301970302365
CHEMBL66953,O=c1c(O)cccc2cc(O)c(O)c(O)c12,4.913996294381618
CHEMBL1586109,COC(=O)c1ccc(N2NC(=O)/C(=C/c3cc(OC)c(OC)c(OC)c3)C2=O)cc1,4.331334584545508
CHEMBL3194143,O=C(O)c1ccc(Cl)c(-c2ccc(/C=N/NC(=O)C(O)(c3ccccc3)c3ccccc3)o2)c1,4.288024145648245
CHEMBL1318358,O=C(CN1C(=O)/C(=C2/SC(=S)N(CCS(=O)(=O)O)C2=O)c2ccccc21)Nc1cccc(C(F)(F)F)c1,4.451856362565154
CHEMBL1373390,O=C(O)c1ccc2c(c1Nc1ccccc1)C(=O)c1ccccc1C2=O,4.0
CHEMBL173530,COc1cc(C)c2c(c1C=O)Oc1c(c(C)c(O)c3c1C(O)OC3=O)OC2=O,4.147703034173075
CHEMBL1310601,CC(=C\c1ccccc1)/C=C1/SC(=S)N(C(C(=O)O)C(C)C)C1=O,4.467372998771109
CHEMBL305978,c1coc(-c2nc3ccccc3nc2-c2ccco2)c1,4.0
CHEMBL1730252,Cc1cc(=O)c2c(o1)C(=O)c1occc1C2=O,4.204885014369637
CHEMBL1492106,CC(C)OP(=O)(OC(C)C)C1(NS(=O)(=O)c2ccc(Cl)cc2)C=C(Cl)C(=O)C(Cl)=C1,4.003138231509326
CHEMBL1877709,O=C(O)c1ccc(NC2=C/C(=N/S(=O)(=O)c3cccs3)c3ccccc3C2=O)cc1,4.235898623523771
CHEMBL1730100,O=C1C=CC2=C3c4cc(O)c(O)cc4CC3(O)COC2=C1O,4.576426480267265
CHEMBL3195434,COc1c(OC(C)=O)ccc(/C=N\NC(=O)c2ccc(Br)cc2)c1[N+](=O)[O-],4.015472686656207
CHEMBL1605379,CCc1ccc(N2C(=O)c3sc4nnc(-c5ccccc5)c(=O)n4c3C2=O)cc1,4.313989708684715
CHEMBL1440977,NNc1cc([N+](=O)[O-])cc2c1c(=O)n(Cc1ccccc1)[s+]2[O-],4.198116292874761
CHEMBL1597427,CCOc1cc(CNc2ccc(N3CCCC3)cc2)cc(Cl)c1OC,4.31695296176115
CHEMBL1430159,COc1ccc(C(C2C(=O)CC(C)(C)CC2=O)C2C(=O)CC(C)(C)CC2=O)cc1CO,4.33913452199613
CHEMBL3196407,Cn1c(/N=C/c2c(O)ccc3ccccc23)nc2ccccc21,5.017728766960431
CHEMBL1508598,CCOc1cc(/C=C2\C(=O)ON=C2c2ccccc2)ccc1OC,4.566710314804975
CHEMBL512216,Cn1c(=O)c2[nH]c(-c3ccccc3)c(O)c2n(C)c1=O,4.732828271596986
CHEMBL1374578,O=C(O)c1ccccc1C(=O)c1ccc(Sc2ccc(Cl)cc2)c([N+](=O)[O-])c1,4.454816631784594
CHEMBL1547715,O=C1NC(=O)C(=Cc2ccc3ccccc3c2)C(=O)N1,4.294136287716081
CHEMBL1730762,COC1=CC(=O)C(C2CC(=O)c3c(O)cc(O)cc3O2)=CC1=O,5.034798298974088
CHEMBL1531656,O=C(O)c1cc(Nc2cc(Cl)c3nonc3c2[N+](=O)[O-])ccc1O,5.068033885271827
CHEMBL1310865,CCOc1ccc(S(=O)(=O)Nc2cc(SCC(=O)O)c(O)c3ccccc23)cc1,5.125518182300533
CHEMBL1711303,Cc1ccc(SC2=C(N(C)C)C(=O)c3ccccc3C2=O)cc1,4.187353983766881
CHEMBL1334452,O=C(NCCO)c1ccc2nc(-c3ccco3)c(-c3ccco3)nc2c1,4.169668006548038
CHEMBL1476673,COc1cc(/C=C2\SC(=S)N(CCCCC(=O)O)C2=O)ccc1OS(=O)(=O)c1ccc(C)cc1,4.400007822415902
CHEMBL1390702,CSC1=NSC2=NC(=O)/C(=C\c3c[nH]c4ccccc34)C(=N)N12,4.0
CHEMBL1322139,CC(=O)n1cc(C=C2C(=O)NC(=O)NC2=O)c2ccccc21,4.368556230986828
CHEMBL3144954,O=c1c(Sc2ccccc2)c(C(F)(F)F)[nH]n1-c1ccccc1,4.225191169689294
CHEMBL1480398,Cc1sc(C(C2C(=O)CC(C)(C)CC2=O)C2C(=O)CC(C)(C)CC2=O)cc1[N+](=O)[O-],4.531652669587842
CHEMBL1602234,O=C(O)CN1C(=O)/C(=C\c2cccc(OCc3ccc(F)cc3)c2)SC1=S,4.370794342897696
CHEMBL1334552,O=C1C(Cl)=C(N2CCOCC2)C(=O)N1c1ccccc1Cl,4.63320361671327
CHEMBL1350958,O=C(O)c1ccccc1-c1ccccc1C(=O)Nc1ccc(-c2nc3cc(Cl)ccc3o2)cc1,4.267365032460805
CHEMBL1558809,Cc1ccc(N2C(=O)NC(=O)/C(=C/c3ccc(OC(=O)c4cccs4)cc3)C2=O)cc1,4.256882374785258
CHEMBL1430245,COc1ccc(/C=C2/SC(=S)N(NS(=O)(=O)c3ccc(C)cc3)C2=O)cc1,4.24504041227829
CHEMBL1423198,Cc1n[nH]c(O)c1C(c1ccc(-c2ccc(C(=O)O)cc2)o1)c1c(C)n[nH]c1O,4.036968124946101
CHEMBL1390936,CCOC(=O)c1c(-c2ccc(C)c(C)c2)csc1NC(=O)C1CC=CCC1C(=O)O,4.361910278015494
CHEMBL3145017,CCc1c(C)[nH]n(-c2ccc(Oc3ccccc3)c(S(=O)(=O)O)c2)c1=O,4.073246094810263
CHEMBL1406745,Cc1ccc(C2C(C(=O)c3ccc(Br)cc3)=C(O)C(=O)N2Cc2ccco2)o1,4.0
CHEMBL1469314,O=C1NC(=O)C(=Cc2ccc(Oc3ccc([N+](=O)[O-])cc3)cc2)C(=O)N1,4.462180904926726
CHEMBL1547740,O=C(O)CCCN1C(=O)/C(=C\c2ccccc2OCc2ccccc2)SC1=S,4.435689090039397
CHEMBL1410383,COC(=O)CCC(=O)OC1(C)C(=O)C2=CN(C3CC3)C(c3ccc(OC)cc3)=CC2=C(Br)C1=O,4.0
CHEMBL1602380,Cc1ccc(S(=O)(=O)N2[C@@H](c3cccc(Cl)c3)C(C(=O)O)=CC[C@H]2c2ccc(Cl)c(Cl)c2)cc1,4.237396450433197
CHEMBL1597458,Cl.O=C(Nc1cc(S(=O)(=O)N2CCCCC2)ccc1O)c1ccccc1NS(=O)(=O)c1ccc(F)cc1,4.1683221508085335
CHEMBL1413174,CCCCOc1ccc(Nc2cc(Cl)ccc2C(=O)O)cn1,4.223444089296738
CHEMBL1383957,CC1=NOC(=O)/C1=C\c1ccc2c(c1)OCO2,5.144480844332199
CHEMBL1901559,N#CC(=C1C=C(Br)C(=NO)C=C1Cl)c1ccc(Cl)cc1,4.20453710560962
CHEMBL1333593,COc1cc(C(=O)Nc2scc(-c3ccc(Br)cc3)c2C(=O)O)cc(OC)c1OC,4.236871623200863
CHEMBL1402117,Oc1nc(S)nc2c1C(c1ccc(Br)cc1)c1c(O)nc(S)nc1O2,4.132473588800257
CHEMBL1469489,O=C(O)CCN1C(=O)/C(=C\c2cccc(OCC(=O)Nc3ccc(Cl)cc3)c2)SC1=S,4.4566770993530875
CHEMBL1519860,O=C1NC(=S)NC(=O)C12C(c1ccccc1)N=C(S)NC2c1ccccc1,4.158765704493959
CHEMBL1327479,Cc1ccc(S(=O)(=O)NN2C(=O)/C(=C/c3cccc(F)c3)SC2=S)cc1,4.566070234391536
CHEMBL1609490,O=[N+]([O-])c1ccc(-[n+]2ccc3ccccc3c2)c([N+](=O)[O-])c1.[Cl-],4.0
CHEMBL1362734,CCn1nc([N+](=O)[O-])c(C(C#N)c2nc3cc(C(F)(F)F)ccc3s2)c(Cl)c1=O,4.2403321553103694
CHEMBL1731022,CSc1nc(O)c(C(c2ccc(OC(C)C)cc2)c2c(O)nc(SC)nc2O)c(O)n1,4.483332440900957
CHEMBL3191525,COc1ccc2c(c1)-c1nc(/N=C/c3c(O)ccc4ccccc34)sc1CC2,5.204119982655925
CHEMBL1579562,O=C1C(Cl)=C(N2CCCC2)C(=O)N1c1ccccc1F,4.073657553374345
CHEMBL1730974,O=S(=O)(O)c1ccc(O)c2cc(Nc3ccccc3)ccc12,4.698102282804792
CHEMBL1441315,Cc1cc(S(=O)(=O)ON2C(=O)c3ccccc3C2=O)ccc1F,4.0
CHEMBL1563712,CN1C(=O)NC(=O)/C(=C/c2ccc([N+](=O)[O-])s2)C1=O,4.7594507517174005
CHEMBL1878916,O=C(O)CN1C(=O)C=CC1=O,4.0
CHEMBL1469463,Cc1ccccc1N1C(=O)NC(=O)/C(=C\c2cnn(-c3ccccc3)c2)C1=O,4.0
CHEMBL1311185,O=C(Nc1ccccc1)C1=C(c2ccccc2)S(=O)(=O)CCS1(=O)=O,4.0
CHEMBL234338,O=c1cc(-c2ccc(O)cc2)oc2c(O)c(O)c(O)c(O)c12,4.0
CHEMBL1311109,CC(C)(C)c1ccc(C(=O)CC(Sc2ccc(Cl)cc2)C(=O)O)cc1,4.419303060287564
CHEMBL3212315,COc1ccc(/C=c2\sc3nc(=O)c(C)nn3c2=O)c(OC)c1,4.656394491895828
CHEMBL1327390,CCOc1ccc(/C=C2\SC(=S)N(CCC(=O)Nc3ccccc3C(=O)O)C2=O)cc1,4.533577277566208
CHEMBL3193134,O=C(CCN1CCN(c2ccccc2)CC1)N/N=C/c1ccc(O)c(O)c1O,4.52201102374911
CHEMBL1711432,COc1cc(NCCCCCCN)c2ncccc2c1OC,4.0
CHEMBL1311053,CCc1sc(C(C2C(=O)CC(C)(C)CC2=O)C2C(=O)CC(C)(C)CC2=O)cc1[N+](=O)[O-],4.785951320588058
CHEMBL1590814,Cc1oc2c(C)c3oc(=O)c(CC(=O)N[C@@H](CC(C)C)C(=O)N[C@@H](Cc4ccccc4)C(=O)O)c(C)c3cc2c1C,4.139123203596702
CHEMBL1711524,Cc1ccc([C@@H]2CC=C(C(=O)O)[C@H](c3ccc(Br)cc3)N2S(=O)(=O)c2ccccc2C)cc1,4.469032318428085
CHEMBL1492642,CC(/C=C1\SC(=S)N(NS(=O)(=O)c2ccc(C)cc2)C1=O)=C\c1ccccc1,4.567351339986893
CHEMBL1712164,CC(C)c1ccc(N2C(=O)C(Cl)=C(N3CCOCC3)C2=O)cc1,4.158765704493959
CHEMBL1391235,COc1cc(O)cc2cc3c(c(O)c12)C(=O)CC(C)(O)O3,4.418619311290013
CHEMBL1879156,Cc1ccc(S(=O)(=O)Oc2ccccc2C=C2C(=O)NC(=O)NC2=O)cc1,4.434742656579786
CHEMBL1712082,CC1=C(O)C(=O)C=C2C1=CC=C1C2(C)CCC2(C)C3CC(C)(C(=O)O)CCC3(C)CCC12C,4.706416486503883
CHEMBL1384008,O=C(c1ccc(NC(=O)C(c2ccccc2)c2ccccc2)cc1)c1ccc(C(=O)O)c(C(=O)O)c1,4.239276027858049
CHEMBL1449334,CSc1nnc(-c2ccco2)c(-c2ccco2)n1,4.061280185217617
CHEMBL1327612,COc1cccc(/C=C/c2nc(O)nc(O)c2[N+](=O)[O-])c1O,4.139841738681722
CHEMBL1469698,COc1ccc(C(=O)c2coc3c2C(=O)C(=O)c2ccccc2-3)cc1,4.462306805632609
CHEMBL1900163,CCN(CCCNc1cc2c(c(N)c1S(=O)(=O)O)C(=O)c1ccccc1C2=O)c1ccccc1,4.500725418107782
CHEMBL1587073,CCCCN(CCCC)c1ccc(C(=O)c2ccccc2C(=O)O)c(O)c1,4.355758414156272
CHEMBL1462469,COc1ccc(-c2csc(NC(=O)CSc3nc(C)nc4sc(C(=O)O)c(C)c34)n2)cc1,4.033013974882062
CHEMBL1541029,C=CCOc1cccc(C2C(C(=O)c3cc4ccccc4o3)=C(O)C(=O)N2c2cc(C)on2)c1,4.313185045492683
CHEMBL1731834,Cc1ccc(S(=O)(=O)N2[C@@H](c3ccc(Br)cc3)C(C(=O)O)=CC[C@H]2c2ccc(C(C)C)cc2)cc1,4.483068191131987
CHEMBL3197141,Cc1cc(C(=O)N/N=C/c2ccc(O)c(O)c2O)c(C)n1-c1ccccc1,4.377268034835281
CHEMBL1554169,O=C(O)/C=C/C(=O)c1ccc2c(c1)CCc1ccccc1-2,4.640923773940737
CHEMBL1731730,Oc1c(Cl)cccc1Cc1cc(Cl)cc(Cl)c1O,4.342370568611048
CHEMBL3198550,N#C/C(=C\c1cccc(Cl)c1)C(=O)c1ccccc1,4.193413065672197
CHEMBL1579924,COc1cccc(/C=C2\SC(=S)N(NS(=O)(=O)c3ccccc3)C2=O)c1OC,4.38605252321965
CHEMBL1592785,O=C(O)[C@H](Cc1ccccc1)N1C(=O)c2c(Cl)c(Cl)c(Cl)c(Cl)c2C1=O,4.6219656775426685
CHEMBL1879517,O=C(O)CN1C(=O)/C(=C\c2ccccc2OCc2ccccc2)SC1=S,4.44660248987612
CHEMBL1430882,O=[N+]([O-])c1cc([N+](=O)[O-])c2c(Nc3ccccc3)n(-c3ccccc3)[n+]([O-])c2c1,4.509900994936695
CHEMBL1985591,CC(=O)Oc1oc(-c2ccccc2)nc1/C=N/c1ccccc1,4.063737658096523
CHEMBL1423709,Cn1cccc1/C=C1/C(=O)NC(=S)N(Cc2ccc(F)cc2)C1=O,4.0
CHEMBL1391547,O=C(O)c1ccc2c(c1)[C@@H]1C=CC[C@@H]1[C@H](c1ccccn1)N2,4.580374639112256
CHEMBL1532198,O=C(O)CN1C(=O)/C(=C\c2cc([N+](=O)[O-])ccc2OCc2ccccc2Cl)SC1=S,4.507099988891297
CHEMBL1462687,O=C(Nc1cccc(Oc2ccc(C(=O)O)c(C(=O)O)c2)c1)c1ccc(-c2ccccc2)cc1,4.688882157337495
CHEMBL1335165,CSC(SC)=C(C#N)C(=O)c1ccccc1,4.07242434530889
CHEMBL1732365,CC1=C(SCc2ccccc2)C(=O)c2ccccc2C1=O,4.1149216158507755
CHEMBL1587159,Cc1c(CCC(=O)O)c(=O)oc2c(C)c3occ(-c4ccc(Cl)cc4)c3cc12,4.374893424596532
CHEMBL1344289,COCCNC(=O)c1c(NC(=O)c2ccco2)n(Cc2ccccc2)c2nc3ccccc3nc12,4.0
CHEMBL1327721,O=[N+]([O-])c1c(NCCCO)cc(Sc2nc3ccccc3s2)c2nonc12,4.637329070274333
CHEMBL1311708,O=C(O)CN1C(=O)/C(=C\c2cccc(OCc3ccc(Cl)cc3)c2)SC1=S,4.403842919083828
CHEMBL1462906,N#Cc1c(O)nc(SCc2cccc(C(F)(F)F)c2)nc1-c1ccccc1,4.369267107182804
CHEMBL1431126,Oc1nc2ccccc2n2c(-c3ccccc3)nnc12,5.083019952679618
CHEMBL1163377,CN1CCN(C2=C(Cl)C(=O)c3ccccc3C2=O)CC1,5.198596289982645
CHEMBL1559165,CSc1sccc1/C=C(/C#N)C(=O)c1ccco1,4.0
CHEMBL1462814,Nc1ncc(N=Nc2cc(C(=O)O)ccc2Cl)s1,4.133240216504892
CHEMBL1407205,O=C(Nc1sc2c(c1C(=O)O)CCCC2)c1cccc(Cl)c1,4.143754599209946
CHEMBL1548688,CCO.N#Cc1c(SC(C(=O)O)c2ccccc2)nc2c(c1-c1cccs1)CCCC2,4.406492410668235
CHEMBL1470135,Cc1oc2c(c1C(=O)c1ccccc1)C(=O)C(=O)c1ccccc1-2,4.314885530953461
CHEMBL1304402,CN1CCN(C(c2ccccn2)c2cc(Cl)c3cccnc3c2O)CC1,4.0
CHEMBL1431075,CC(C)c1nnc(NC(=O)c2nc(S(=O)(=O)Cc3ccc(F)cc3)ncc2Cl)s1,4.017819254403597
CHEMBL1304374,COc1cc(Cl)cc(C(c2c(C(=O)O)[nH]c3ccccc23)c2c(C(=O)O)[nH]c3ccccc23)c1O,4.771343041891065
CHEMBL1311811,C#CCOc1c(Cl)cc(/C=C2/C(=O)ON=C2C)cc1OCC,4.0
CHEMBL1470182,COc1cc(/C=C2\SC(NS(=O)(=O)Cc3ccccc3)=NC2=O)c([N+](=O)[O-])cc1OC,4.253521490069969
CHEMBL3144932,Cc1[nH]n(-c2ccccc2)c(=O)c1C(c1cccc([N+](=O)[O-])c1O)c1c(C)[nH]n(-c2ccccc2)c1=O,4.500863005462617
CHEMBL1334390,COC(=O)CCC(=O)OC1(C)C(=O)C2=CN(CC3CC3)C(c3ccc(OC)cc3)=CC2=C(Br)C1=O,4.514988785421427
CHEMBL1431018,CC1=NN(c2ccc(Br)cc2)C(=O)/C1=C/c1ccc(-c2ccccc2C(=O)O)o1,4.52360317327467
CHEMBL1364062,CCCCCc1c2c(cc(O)c1C(=O)O)OC(=O)c1cc(C(=O)CCCC)c(OC)cc1O2,4.409381051793422
CHEMBL1391737,O=C(NCc1ccccc1)c1sc(=S)n2c1[nH]c(=O)c1ccccc12,4.113509274827518
CHEMBL1430983,COc1cc(/C=C2\SC(=O)N(Cc3ccc(Cl)cc3)C2=O)cc([N+](=O)[O-])c1O,4.170953663146817
CHEMBL461622,Nc1scc2c(C(=O)O)nn(-c3ccccc3)c(=O)c12,4.346884006834433
CHEMBL1587422,Cc1ccc(C)c(-n2c3nc(=O)[nH]c(=O)c-3cc3cc([N+](=O)[O-])ccc32)c1,4.82623117686335
CHEMBL1344491,CCCc1nnc(NC(=O)c2nc(S(=O)(=O)Cc3cccc(C)c3)ncc2Cl)s1,4.0
CHEMBL1509648,Cc1ccc(/C=C/C(=O)Nc2ccc([N+](=O)[O-])c(NC(=O)/C=C/c3ccc(C)o3)c2)o1,4.0
CHEMBL1509676,COC(=O)c1ccc(N2NC(=O)/C(=C/c3ccc(-c4ccc(Cl)c(C(=O)O)c4)o3)C2=O)cc1,4.923359556329658
CHEMBL1541379,CSc1nnc(NC(=O)c2nc(S(=O)(=O)Cc3ccccc3)ncc2Cl)s1,4.2955063029907015
CHEMBL1509704,CSc1ccc(C(c2c(C(=O)O)[nH]c3ccccc23)c2c(C(=O)O)[nH]c3ccccc23)cc1,4.311936303053655
CHEMBL1402473,Cc1nc(COC(=O)c2cc(O)c3ccccc3c2O)cs1,4.366026844210326
CHEMBL3145223,Cc1[nH]n(-c2ccccc2)c(=O)c1C(c1ccc(O)c([N+](=O)[O-])c1)c1c(C)[nH]n(-c2ccccc2)c1=O,4.542723813938674
CHEMBL1402497,CCCCCCSc1nc(O)c(C2OC(=O)c3c2ccc(OC)c3OC)c(=O)n1CC,4.244582537189063
CHEMBL1532323,O=C(CCN1C(=O)/C(=C\c2ccccc2F)SC1=S)Nc1ccc(C(=O)O)c(O)c1,4.488517711373999
CHEMBL1492926,CC1=NN(c2ccc(Cl)c(C(=O)O)c2)C(=O)/C1=C\c1ccc(-c2ccc(C(=O)O)cc2)o1,4.711303739409744
CHEMBL3194554,C=CCOC(=O)C1=C(C)N=c2s/c(=C3\C(=O)N(CC(=O)O)c4ccccc43)c(=O)n2C1c1ccc(OC)cc1.CC(=O)O,4.226432951073941
CHEMBL1880447,CC1=NN(c2ccccc2)C(=O)C1=Cc1ccccc1,4.225994269741791
CHEMBL1732567,O=C(O)C1=CC[C@@H](c2ccc(Cl)cc2)N(S(=O)(=O)c2ccc(Cl)cc2)[C@H]1c1ccc(Br)cc1,4.437707135543525
CHEMBL1440703,CC(=O)Nc1cc(OC(C)=O)c2nonc2c1OC(C)=O,4.419759491734624
CHEMBL1458660,Cc1ccc(S(=O)(=O)Nc2ccccc2-c2ccccc2NS(=O)(=O)c2ccc(C)cc2)cc1,4.26129869956529
CHEMBL1431163,CN(C)S(=O)(=O)c1cccc(-c2nn(-c3ccccc3)cc2/C=C2\SC(=S)N(CC(=O)O)C2=O)c1,4.099414413350038
CHEMBL1351902,Cc1c(N)cc(N)cc1C(=O)O,4.0
CHEMBL1470408,O=C(O)CC/C(=C\c1ccc(N2CCCC2)c([N+](=O)[O-])c1)c1nc2ccccc2s1,4.365623505911632
CHEMBL1502247,Cc1cccc(C2C3=C(O)c4ccccc4C3=Nc3nn(-c4ccccc4)c(O)c32)c1,4.2262135550188065
CHEMBL1541247,CCCCCCCCn1c(=O)c(C(=O)OCC)c(O)c2ccccc21,4.1125514997500465
CHEMBL1304529,O=C(O)c1[nH]c2ccccc2c1C(c1ccccc1)c1c(C(=O)O)[nH]c2ccccc12,4.777283528852417
CHEMBL3195827,COc1ccccc1NC1=C(NC(C)=O)C(=O)c2ccccc2C1=O,4.0
CHEMBL1327816,O=C1C(=O)c2c(C(=O)c3ccccc3)coc2-c2ccccc21,4.084652937675808
CHEMBL1564253,O=c1oc2c3c4c(cc2s1)CCCN4CCC3,4.061880730805688
CHEMBL1424064,CC(C)(C)C1CCc2c(sc(NC(=O)C3CC=CCC3C(=O)O)c2C#N)C1,4.4040630937308265
CHEMBL1571258,O=C1NC(=O)C(=Cc2ccc(Sc3ccccc3)o2)C(=O)N1,4.0
CHEMBL1509826,COc1ccc(OC)c(N2C(=O)NC(=O)/C(=C/c3ccc([N+](=O)[O-])s3)C2=O)c1,4.726304412069908
CHEMBL1391887,COc1cc(/C=C2/C(=O)ON=C2C)ccc1OCc1cccc(F)c1,4.617442678091214
CHEMBL1580345,Cc1ccc(-n2c3nc(=O)[nH]c(=O)c-3cc3cc([N+](=O)[O-])ccc32)cc1,4.639595945270061
CHEMBL1733061,CC1=C(O)C(O)=C(C2=C(O)C(O)=C(C)C(=O)C2=O)C(=O)C1=O,4.548367052543009
CHEMBL1713628,Nc1ccc(S(=O)(=O)Nc2nccs2)cc1N=Nc1ccccc1[N+](=O)[O-],4.1888273049334455
CHEMBL1990734,O=C(O)c1ccccc1N=N/C(=N/Nc1cc(S(=O)(=O)[O-])ccc1O)c1ccccc1.[Na+],4.719421629631924
CHEMBL1392064,COc1ccc(Nc2cc(Cl)ccc2C(=O)O)cn1,4.197226274708024
CHEMBL1462969,CCOc1ccc(C(c2c(O)n(C)c(SC)nc2=O)c2c(O)n(C)c(SC)nc2=O)cc1,4.3663295939485565
CHEMBL1352170,Cc1c(N=C2C=C(Br)C(=O)C(Br)=C2)c(=O)n(-c2ccccc2)n1C,4.0836513477245395
CHEMBL1449785,COC(=O)CCC(=O)OC1(C)C(=O)C2=CN(c3ccccc3)C(c3ccc(OC)cc3)=CC2=C(Br)C1=O,4.0
CHEMBL3216654,COc1cc(NCCCC(C)N)c2ncccc2c1.Cl.Cl,4.0
CHEMBL1481016,O=C(O)C(c1ccccc1)N1C(=O)/C(=C/c2cccs2)SC1=S,4.328827157284917
CHEMBL1991599,Oc1ccc(/C=N/N2CCOCC2)c(O)c1O,4.347077112432058
CHEMBL1312212,COc1cccc(NS(=O)(=O)c2ccc3c(c2)C2C=CCC2C(c2ccc(C(=O)O)cc2)N3)c1,4.174054856796152
CHEMBL202043,O=C1/C(=C/c2ccc(F)cc2)SC(=S)N1NS(=O)(=O)c1ccccc1,4.435689090039397
CHEMBL1452526,Cc1ccc(/C=C2\SC(=S)N(NS(=O)(=O)c3ccc(C)cc3)C2=O)cc1,4.586197483230649
CHEMBL1173036,O=C(O)c1ccccc1-c1ccccc1C(=O)Nc1ccc2c(c1)oc(=O)c1ccccc12,4.249337353865944
CHEMBL1587876,Cc1ccc(C(=O)C2=C(O)C(=O)OC2c2ccc(Cl)cc2)cc1,4.215953584191887
CHEMBL1392200,Fc1cccc2sc(Nc3nnc(-c4ccccc4)o3)nc12,4.299209778625653
CHEMBL1532491,O=c1oc2ccccc2c(O)c1[C@H]1c2ccc(O)cc2Oc2c1c(=O)oc1ccccc21,4.0930188467711455
CHEMBL1714002,COC1=C(Br)C(=O)c2ncccc2C1=O,5.467245621007502
CHEMBL1549172,COc1cccc(N2C(=O)NC(=O)/C(=C/c3ccc([N+](=O)[O-])s3)C2=O)c1,4.419987887470576
CHEMBL1392133,Cc1sc(NC(=O)C2CCCCC2C(=O)O)c(C(N)=O)c1-c1ccc(C(C)C)cc1,4.202871012203447
CHEMBL1431490,O=C(CSc1nnc(-c2ccco2)c(-c2ccco2)n1)Nc1ccccc1,4.0
CHEMBL1431570,Cc1ccc(/C=C2/C(=O)NC(=O)N(CC3CCCO3)C2=O)s1,4.0
CHEMBL1532549,O=[N+]([O-])c1cccc(/C=C/c2nc(O)nc(O)c2[N+](=O)[O-])c1,4.137928280620006
CHEMBL1713747,CCCCC[C@@H]1C=C(C(=O)O)[C@H](c2ccc(Cl)cc2)N1S(=O)(=O)c1ccc(C)cc1,4.373762314853099
CHEMBL1610098,O=C1/C(=C/c2nc3ccccc3[nH]2)SC(=S)N1NS(=O)(=O)c1ccccc1,4.2616952069258955
CHEMBL1392332,O=C1OC(c2ccccc2)C(C(=O)c2ccc(Cl)cc2)=C1O,4.078625704581525
CHEMBL1881266,N#C/C(=C\c1ccccc1)C(=O)NNS(=O)(=O)c1cccc([N+](=O)[O-])c1,4.285670240254767
CHEMBL1881398,COc1cc(/C=C2\C(=O)N(c3cccc(C(=O)O)c3)N=C2C)ccc1OCc1ccccc1,5.097453220686009
CHEMBL1714335,Cc1ccccc1C1=C/C(=C(\SS/C(C(=O)c2ccc(OCC(=O)O)c(Cl)c2Cl)=C2\C=C(c3ccccc3C)SS2)C(=O)c2ccc(OCC(=O)O)c(Cl)c2Cl)SS1,5.0338582672609675
CHEMBL1714348,O=C1C(=NO)CCc2ccccc21,4.05266432405126
CHEMBL1470869,CCCCNC(=O)c1onc(CSc2cccc3ccccc23)c1C(=O)O,4.304255724802677
CHEMBL1502839,CCn1c(CSc2nnc3ccccn23)nc2cc(C(=O)O)ccc21,4.6343248595440825
CHEMBL1335410,CCC1(C)Cc2c(sc3[nH]c(=O)[nH]c(=O)c23)CS1,4.052223291535261
CHEMBL1571467,Cc1ccc(/C=C2\SC(=S)N(C(Cc3ccccc3)C(=O)O)C2=O)cc1,4.407268233606038
CHEMBL1580660,O=S(=O)(Nc1nc(-c2sccc2Cl)cs1)c1cc(Cl)ccc1Cl,4.380489279161502
CHEMBL1318520,Cc1ccc(S(=O)(=O)N2[C@@H](c3ccc(C(C)(C)C)cc3)C(C(=O)O)=CC[C@H]2c2ccc(Cl)cc2)cc1,4.401866354186763
CHEMBL1312739,COc1cc(/C=C2/C(=O)NC(=O)N(c3ccccc3)C2=O)ccc1O,4.0
CHEMBL1994988,O=[N+]([O-])c1cc(Cl)cc(/C=N/NC(=S)Nc2ccc(S(=O)(=O)N3CCOCC3)cc2)c1O,4.0
CHEMBL1902287,CC(Cc1ccc(O)cc1)NCC(O)c1ccc(O)c(O)c1.O=C(O)c1ccccc1,4.0
CHEMBL1510455,COc1ccc(N2C(=O)NC(=O)/C(=C\c3ccc([N+](=O)[O-])s3)C2=O)cc1,4.4077121840478695
CHEMBL1541889,O=C(NNc1ccc(O)cc1)c1ccc(Br)cc1,4.0
CHEMBL1312673,O=C1NC(=O)C(=Cc2cc3c(cc2[N+](=O)[O-])OCO3)C(=O)N1,4.669383332705562
CHEMBL1714283,Cc1cc(O)c(C(C)C)cc1N=Cc1ccccc1[N+](=O)[O-],4.0
CHEMBL1528294,CCc1ccc(S(=O)(=O)ON2C(=O)c3ccccc3C2=O)cc1,4.0
CHEMBL581225,O=C1c2ccc3c4c(ccc(c24)C(=O)N1CCCCO)C(=O)N(CCCCO)C3=O,4.0
CHEMBL1453783,COC/C=C/C1=CC2=CC(=O)C(C)(OC(=O)C3CCCC3)C(=O)C2=CO1,4.044937930324968
CHEMBL1525576,CCc1ccc(/C=C2/SC(=S)N(CCCC(=O)Nc3ccccc3C(=O)O)C2=O)cc1,4.503762454833264
CHEMBL1588205,CCOc1c(Cl)cc(C(=O)Nc2ccccc2C(=O)O)cc1Cl,4.283746174103963
CHEMBL1541890,O=C(O)Cc1ccc(N=Nc2c(O)c(C(=O)O)cc3ccccc23)cc1,4.166852888087215
CHEMBL1734152,CC1COCC(C)N1C1=C(Cl)C(=O)c2ccccc2C1=O,4.791558643561433
CHEMBL1527565,Cc1cc(O)c(-c2cc(O)c(C)cc2O)cc1O,4.400444409014019
CHEMBL1330109,Cc1ccc(C(=O)c2no[n+]([O-])c2C(=O)c2ccc(C)cc2)cc1,4.0
CHEMBL1541795,Cc1ccc(C(C2=C(O)CC(C)(C)CC2=O)C2C(=O)CC(C)(C)CC2=O)o1,4.221993538576491
CHEMBL1335615,NS(=O)(=O)c1ccc(N=Nc2c(O)c(C(=O)O)cc3ccccc23)cc1,4.0
CHEMBL1463571,Cc1nn2c(O)cc(-c3ccc([N+](=O)[O-])cc3)nc2c1-c1ccccc1,4.4381833356810425
CHEMBL1410860,O=C(COc1cccc2ccccc12)Nc1ccc(Cl)cc1C(=O)O,4.423313194799005
CHEMBL1402954,CCOc1c(Br)cc(/C=C2\C(=O)N(CCC#N)N=C2C)cc1OC,4.0
CHEMBL1532684,CSc1nc(O)c(C(c2ccc(O)cc2)c2c(O)nc(SC)nc2O)c(O)n1,4.330497165895657
CHEMBL1598439,CCC(=O)OC1(C)C(=O)C=C2C=C(C3CC3)OC=C2C1=O,4.0
CHEMBL1902239,C=CCOc1ccc(C(c2c(O)nc(SC)nc2O)c2c(O)nc(SC)nc2O)cc1,4.4769041617474326
CHEMBL1714492,Cc1ccc(S(=O)(=O)N2[C@@H](c3ccc(Br)cc3)C(C(=O)O)=C[C@H]2CC2CCCC2)cc1,4.4320330931768455
CHEMBL3144962,COc1cc(C(c2c(C)[nH]n(-c3ccccc3)c2=O)c2c(C)[nH]n(-c3ccccc3)c2=O)cc(OC)c1OC,4.416347891457956
CHEMBL1305092,O=C(O)CN1C(=O)/C(=C\c2cccc(OCc3ccc(Cl)cc3Cl)c2)SC1=S,4.443818153347089
CHEMBL1492148,Cc1ccc(Sc2ccc(C=C3C(=O)N(C)C(=O)N(C)C3=O)o2)cc1,4.837734385701978
CHEMBL1580684,O=C(CN1C(=O)/C(=C2\SC(=S)N(CCS(=O)(=O)O)C2=O)c2ccccc21)Nc1cccc(Br)c1,4.6649434805609085
CHEMBL1312842,COc1cccc(/C=C2\C(=O)C(=O)c3ccccc32)c1,4.889410289700751
CHEMBL1549691,CC1=NN(Cc2ccccc2)C(=O)C1C(c1ccc(Cl)cc1)C(C#N)C#N,4.25829701604226
CHEMBL1368160,COc1cc(/C=C(/C#N)C(=O)Nc2ccccc2)c(Br)cc1OCc1ccc(C(=O)O)cc1,4.1766562091793515
CHEMBL1995550,O=C(/C(=N/N=C/c1ccc(O)c(O)c1O)c1ccccc1)c1ccccc1,4.299729062643563
CHEMBL1715126,Cc1cc(O)c(C(C)C)cc1N=Cc1ccc(N(C)C)cc1,4.0
CHEMBL1549660,CC(C)CSC1=NSC2=NC(=O)/C(=C\c3ccccc3)C(=N)N12,4.286005732339356
CHEMBL1392718,COC(=O)Cn1cc(C=C2C(=O)NC(=O)NC2=O)c2ccccc21,4.59074334796109
CHEMBL1541950,O=C1C(Cl)=C(N2CCOCC2)C(=O)N1c1ccc(Br)cc1,4.441171475182989
CHEMBL1463468,O=C(O)CCN1C(=O)/C(=C2\C(=O)N(Cc3ccc(F)cc3)c3ccccc32)SC1=S,4.384681343388521
CHEMBL1348345,CCCCNC(=O)c1ccc2nc(-c3ccco3)c(-c3ccco3)nc2c1,4.094851998143984
CHEMBL1734539,O=Nc1c(O)ccc2cc(S(=O)(=O)O)ccc12,4.34008379993015
CHEMBL1588339,CCOC(=O)c1c(NC(=O)/C=C/C(=O)O)sc(C)c1-c1ccc(C(C)(C)C)cc1,4.591590421531571
CHEMBL1715210,CCCCCC(=O)Nc1cc(S(=O)(=O)O)cc2cc(S(=O)(=O)O)cc(O)c12,4.52360317327467
CHEMBL1323243,O=C1Nc2ccc(Cl)cc2C12Nc1ccccc1-c1nnc(SCc3ccccc3F)nc1O2,4.364717362001788
CHEMBL1486234,CC1(C)CC(=O)C(C(C2=C(O)CC(C)(C)CC2=O)c2ccc(O)c([N+](=O)[O-])c2)=C(O)C1,5.022733787572707
CHEMBL1442097,COC(=O)C1=CN(c2cccc(C)c2)C=C(C(=O)OC)C1c1cc(OC)c(O)c([N+](=O)[O-])c1,4.247721014539882
CHEMBL1447137,CC1=C(C#N)C(=O)NC(=O)/C1=C\c1ccc(-c2cc(C)c(C)cc2[N+](=O)[O-])o1,4.1878891587969
CHEMBL3191022,CCn1c(C)nc2cc(C(=O)N/N=C/c3ccc(O)c(O)c3O)ccc21,4.6637404479858064
CHEMBL1559687,COc1cc(/C=C2/C(=O)NN(c3ccc(F)cc3)C2=O)cc([N+](=O)[O-])c1O,4.0
CHEMBL1580896,CC1=NN(c2ccccc2)C(=O)/C1=C/c1cccc(C)c1,4.296966695266314
CHEMBL1446929,CCC(=O)NC1=C(Cl)C(=O)C(NC(=O)CC)=C(Cl)C1=O,5.284832642151542
CHEMBL1424728,CC1(C)CC(=O)C(C(c2ccc(Br)cc2)C2C(=O)CC(C)(C)CC2=O)C(=O)C1,4.100891141806601
CHEMBL3211294,CC1/C(=N\Nc2ccc([N+](=O)[O-])cc2[N+](=O)[O-])CCC1(C(=O)O)c1ccccc1,4.0
CHEMBL1493697,Cc1ccc(C(c2c(O)n3c(nc2=O)SCC3)c2c(O)n3c(nc2=O)SCC3)cc1,4.0746879085003505
CHEMBL1486418,COC(=O)c1sc(N2C(=O)C(O)=C(C(=O)c3ccc(C)o3)C2c2ccc([N+](=O)[O-])cc2)nc1C,4.4146520889054095
CHEMBL1368398,CCOC(=O)c1sc(N2N=C(C)/C(=C\c3ccc(OCC(=O)OC)cc3)C2=O)nc1C,4.04244059810252
CHEMBL1381627,COc1cc(-c2nnc(SCc3cc(=O)oc4cc(O)c(O)cc34)o2)cc(OC)c1OC,4.0
CHEMBL1476948,COc1cccc(/C=C2\Oc3cc(OCC(=O)N4Cc5ccccc5C[C@H]4C(=O)O)ccc3C2=O)c1,4.36251027048749
CHEMBL1715529,O=C(O)C(Cc1ccccc1)N1C(=O)c2c(Cl)c(Cl)c(Cl)c(Cl)c2C1=O,4.400881434944637
CHEMBL1715633,Cc1ccc(S(=O)(=O)N2[C@@H](c3ccc(Br)cc3)C(C(=O)O)=CC[C@H]2c2ccc(Cl)c(Cl)c2)cc1,4.367643953760926
CHEMBL1490677,O=C1C=CC(=O)N1N(c1ccccc1)c1ccccc1,4.381219975493785
CHEMBL1570573,CC1(OC(=O)c2ccco2)C(=O)C=C2C=C(C3CC3)OC=C2C1=O,4.0
CHEMBL1580845,O=C1NC(=O)N(c2ccccc2)C(=O)/C1=C/c1ccc([N+](=O)[O-])s1,4.691008970999836
CHEMBL1542151,O=C1NC(=O)/C(=C/c2ccc(-c3cc(C(=O)O)ccc3Cl)o2)S1,4.306536872780469
CHEMBL1375750,C#CCOc1ccc(/C=C2/C(=O)ON=C2C)cc1OCC,4.0
CHEMBL1331111,O=C(O)/C=C/C(=O)Nc1ccc(C2(c3ccc(NC(=O)/C=C/C(=O)O)cc3)c3ccccc3-c3ccccc32)cc1,4.741123370627869
CHEMBL1375820,CCc1ccccc1N1C(=O)C(Cl)=C(N2CCOCC2)C1=O,4.079720105367052
CHEMBL1365198,COC/C=C/C1=CC2=CC(=O)C(C)(OC(=O)c3cnc4ccccc4n3)C(=O)C2=CN1C1CC1,4.0
CHEMBL1370841,COC(=O)CCC(=O)OC1(C)C(=O)C2=CN(C3CCCC3)C(c3ccc(OC)cc3)=CC2=C(Br)C1=O,4.471083299722345
CHEMBL1453077,O=C(CCN1C(=O)/C(=C/c2ccccc2Cl)SC1=S)Nc1ccccc1C(=O)O,4.1094113322945125
CHEMBL1451327,Cc1coc2c(O)cc3c(c12)OC1(N2CCCCC2)C(=O)NCCCC31,4.562090964460501
CHEMBL1345295,COc1ccc(N2C(=O)NC(=O)/C(=C\c3ccccc3[N+](=O)[O-])C2=O)cc1,4.495121540589784
CHEMBL1570535,COc1ccccc1/C=C1/C(=O)ON=C1C,4.0
CHEMBL1313127,CN1C(=O)/C(=C/c2ccc(C(=O)Nc3ccc(O)cc3C(=O)O)cc2)SC1=S,4.497436330892636
CHEMBL1471546,COC(=O)C1=C(C(=O)OC)C(c2cc(Cl)ccc2O)c2sc(O)nc2S1,4.0
CHEMBL1610382,CCc1ccc([C@@H]2CC=C(C(=O)O)[C@H](c3ccc(C(C)(C)C)cc3)N2S(=O)(=O)c2ccc(C)cc2)cc1,4.431798275933005
CHEMBL1998429,Cc1ccc(C(=O)N/N=C/c2ccc(-c3ccc(Br)cc3[N+](=O)[O-])o2)o1,4.0
CHEMBL1471595,CCC(C)/C=C(C)/C=C/C1=CC2=C(Cl)C(=O)C(C)(OC(C)=O)C(=O)C2=CO1,4.420102130396896
CHEMBL1432468,O=C(NCc1cccs1)c1nc(O)c2nnn(Cc3ccccc3Cl)c2n1,4.286005732339356
CHEMBL1323428,C=CCOc1ccc(/C=C2\SC(=S)N(NS(=O)(=O)c3ccc(C)cc3)C2=O)cc1,4.482804102050026
CHEMBL1735496,NC(=S)N=Nc1c(O)cc(O)c2nc(O)ccc12,4.698752911363789
CHEMBL1353221,O=c1ccc2[n+]([O-])c3ccc([O-])cc3oc-2c1.[Na+],5.79317412396815
CHEMBL1715441,Cc1cc(C)c2nc(N3C(=O)C(O)=C(C(=O)c4ccco4)C3c3ccc(O)cc3)sc2c1,4.517412230473233
CHEMBL1434708,COc1cccc(/C=C2/C(=O)NN(c3ccc(F)cc3)C2=O)c1,4.4194171231856325
CHEMBL1525702,CC(=O)C1=C(O)C(=O)N(c2cc(C(C)(C)C)on2)C1c1ccc(C(C)C)cc1,4.021043834782408
CHEMBL1559790,O=C(O)CN1C(=O)/C(=C\c2cc(Br)ccc2OCc2ccccc2F)SC1=S,4.480172006224281
CHEMBL329706,NC(=O)C1=C(c2ccccc2)c2ccccc2C1=O,4.225556031075035
CHEMBL1432590,O=C(O)c1cccc(Nc2cc(Cl)c3nonc3c2[N+](=O)[O-])c1,4.969805214643249
CHEMBL1471665,O=C(O)c1ccccc1-c1ccc(C=C2C(=O)N(c3ccccc3)C(=S)N(c3ccccc3)C2=O)o1,4.9083330424043154
CHEMBL1526067,O=[N+]([O-])c1cc([N+](=O)[O-])c2cc3ccccc3nc2c1,5.195860567664649
CHEMBL1328567,O=C1C(O)=C(O)C(=O)c2ccccc21,4.0
CHEMBL1570497,CCC(CNc1cc(OC)cc2cccnc12)NC1CCCCC1,4.406381691870464
CHEMBL1313324,O=C(O)CCN1C(=O)/C(=C/c2ccc(-c3nc4ccccc4s3)o2)SC1=S,4.0
CHEMBL1403191,CCC(=O)OC1(C)C(=O)C2=COC(c3ccc(OC)cc3)=CC2=C(Br)C1=O,4.0
CHEMBL1471648,CN1C(=O)C(=Cc2ccccc2Oc2ccc(Cl)c(F)c2)C(=O)N(C)C1=O,4.28525123927494
CHEMBL1904459,Cc1ccccc1C(=O)Nc1cccc(C(=O)N/N=C/c2cc(Cl)cc([N+](=O)[O-])c2O)c1,4.0
CHEMBL1313262,Oc1ccc(N=Nc2ccccc2-c2nn[nH]n2)c(O)c1,4.0
CHEMBL3197557,Cc1nc2ccccc2c(=O)n1/N=C/c1ccc(O)c(O)c1O,4.0
CHEMBL1408302,O=C(COc1cccc2ccccc12)Nc1cc(Cl)ccc1C(=O)O,4.392009141452825
CHEMBL1581086,CCc1ccc(Nc2ccc(C(=O)O)cc2[N+](=O)[O-])cc1,4.0
CHEMBL1432739,C#CCOc1ccccc1/C=C1/C(=O)ON=C1C,4.0
CHEMBL1305450,COc1ccc2nc(-c3ccco3)c(-c3ccco3)nc2c1,4.131179293802482
CHEMBL1581158,O=C1CCNc2cc3ccccc3cc21,4.0
CHEMBL1533094,O=C1NN(c2cccc(Br)c2)C(=O)/C1=C\c1ccc(O)cc1,4.0
CHEMBL2002332,Sc1nnc(-c2ccco2)n1/N=C/C(Cl)=C/c1ccccc1,4.2030096094543135
CHEMBL1526088,CCc1ccc(NC2=NC(=O)/C(=C/c3cc(Br)c(OCC(=O)O)c(OC)c3)S2)cc1,4.4029633350223465
CHEMBL1464014,Cn1cccc1/C=C1\C(=O)NC(=O)N(Cc2ccccc2)C1=O,4.6307841425898575
CHEMBL1716414,O=[N+]([O-])c1cc(-c2ccccc2)cc([N+](=O)[O-])c1O,4.2309182128817815
CHEMBL1735864,O=C(O)C(Cc1ccccc1)N1C(=O)C=CC1=O,4.0
CHEMBL1571889,CC(C)CN(CC(C)C)c1ccc(C=C2C(=O)NC(=S)NC2=O)cc1[N+](=O)[O-],4.799423073245152
CHEMBL1589086,O=C1NC(=O)C(=Cc2coc3ccccc3c2=O)C(=O)N1,4.0
CHEMBL1353570,COc1ccc(C(C2C(=O)CC(C)(C)CC2=O)C2C(=O)CC(C)(C)CC2=O)cc1COCC(F)(F)F,4.557206774060231
CHEMBL1393237,Cc1ccc(C(C2=C(O)CC(C)(C)CC2=O)C2C(=O)CC(C)(C)CC2=O)s1,4.531652669587842
CHEMBL1385494,CC1=C/C(=C(/c2cc(C)c(O)c(Br)c2)c2ccccc2S(=O)(=O)O)C=C(Br)C1=O.N,4.42021640338319
CHEMBL1345754,CCCCC1(C)OC(=O)C(=Cc2ccc(-c3ccc(Cl)c(C(=O)O)c3)o2)C(=O)O1,4.855114581712858
CHEMBL1313485,CCOC(=O)c1ccc(CC(=O)c2ccc(O)c(O)c2O)o1,4.473789996158335
CHEMBL1408292,COc1cc(/C=C2\SC(=S)N(NS(=O)(=O)c3ccc(C)cc3)C2=O)cc(OC)c1OC,4.427709393848582
CHEMBL2001761,Oc1ccc(/C=N/N2CCCCC2)c(O)c1O,4.0
CHEMBL2001904,CC1=C/C(=C(\c2cc(C)c(O)c(Br)c2)c2ccccc2S(=O)(=O)O)C=C(Br)C1=O,4.27417000967942
CHEMBL1393327,O=[N+]([O-])c1ccc(S(=O)(=O)Nc2nc(-c3ccccc3)cs2)cc1,4.224535190654261
CHEMBL1550490,CCOC(=O)c1ccc(NC2=CC(=O)C(=O)c3ccccc32)cc1,4.0
CHEMBL1464042,COC(=O)c1sc(-c2ccc(C(C)(C)C)cc2)cc1NC(=O)/C=C/C(=O)O,4.18568579979254
CHEMBL1503442,O=C1C(=Cc2cccn2-c2ccc(O)cc2)C(=O)c2ccccc21,4.99481948749622
CHEMBL1393512,CN1C(=O)NC(=O)/C(=C/c2ccc(C(=O)O)cc2)C1=O,4.069968385049027
CHEMBL1542529,CCCOc1ccc(/C=C2/C(=O)ON=C2C)cc1OCC,4.5376020021010435
CHEMBL1736254,O=C1C(=NCCc2cc(Br)c(O)c(Br)c2)C=C(O)c2cccnc21,4.912928794093465
CHEMBL1542511,CC1=NN(c2ccccc2)C(=O)/C1=C/c1cccs1,4.329568590639394
CHEMBL1408494,Cc1cc(NS(=O)(=O)c2ccc(NC(=O)CSc3nc(O)c4c(C)c(C)sc4n3)cc2)no1,4.086928259690749
CHEMBL390559,Cc1nn(-c2ccccc2)c(Cl)c1/C=C1\SC(=S)N(CCCCCC(=O)O)C1=O,4.383524486111434
CHEMBL1570587,O=C1C(Cl)=C(NC(=O)c2ccccc2)C(=O)C(Cl)=C1NC(=O)c1ccccc1,5.452225294612178
CHEMBL1433028,O=C(O)/C=C/C(=O)c1ccc2c(c1)NC(=O)CO2,4.0
CHEMBL1472217,O=C(O)c1ccc2c(c1)C(=O)N(c1ccc(/C=C/C(=O)c3ccccc3)cc1)C2=O,4.24626377782499
CHEMBL1313807,Cc1c(CCC(=O)O)c(=O)oc2c(C)c3occ(-c4ccc(Br)cc4)c3cc12,4.478208350360877
CHEMBL2005484,O=C(O)COc1ccccc1/C=N/Nc1ccc(S(=O)(=O)Nc2ccc(Cl)cc2)cc1[N+](=O)[O-],4.435097327470795
CHEMBL1589453,COc1ccc(S(=O)(=O)CC(=O)c2cc3cc(Br)ccc3oc2=O)cc1,4.0
CHEMBL1521165,Cc1cc(/C=C2\C(=O)NC(=O)N(c3ccccc3)C2=O)c(C)n1-c1ccc(C(=O)O)c(Cl)c1,4.195656081520134
CHEMBL1393568,CSc1nnc(NC(=O)c2nc(S(=O)(=O)Cc3ccccc3F)ncc2Cl)s1,4.2813322646837895
CHEMBL133576,Cc1cc(C)c(Nc2cc(S(=O)(=O)[O-])c(N)c3c2C(=O)c2ccccc2C3=O)c(C)c1.[Na+],4.668167955563751
CHEMBL1464107,Cc1nn(-c2cccc(Cl)c2)c2nc(-c3ccco3)cc(C(=O)O)c12,4.0
CHEMBL1363719,COc1cc(/C=C2\C(=O)NC(=O)N(c3ccccc3)C2=O)c([N+](=O)[O-])cc1OC,4.761953896871205
CHEMBL1453327,Cc1sc(NC(=O)C2CCCCC2C(=O)O)c(C(N)=O)c1-c1ccc(C(C)(C)C)cc1,4.221270076003888
CHEMBL1345808,Cc1ccc(N2C(=O)C(Cl)=C(N3CCN(C)CC3)C2=O)c(C)c1,4.393081474051709
CHEMBL1716493,Oc1cc(CNCc2ccccc2)c(O)cc1CNCc1ccccc1,4.42724453484578
CHEMBL1415513,Cc1n[nH]c(O)c1C(c1ccc(-c2ccc(F)cc2)o1)c1c(C)n[nH]c1O,4.235898623523771
CHEMBL1473975,O=C1ON=C(c2ccc([N+](=O)[O-])cc2)/C1=C/c1ccccc1O,4.489857300597427
CHEMBL1374665,Cc1cccc(N2C(=O)C(Cl)=C(N3CCOCC3)C2=O)c1,4.46268472688799
CHEMBL1381243,CCCCn1c(NC(=O)c2ccc(Br)o2)c(S(=O)(=O)c2ccccc2)c2nc3ccccc3nc21,4.12280148472821
CHEMBL1385654,COc1ccc(C2CC(c3ccccc3)=NN2c2ccc(Cl)c(C(=O)O)c2)cc1,4.398700689805662
CHEMBL1736648,O=C(O)c1cc(N2C(=O)C=CC2=O)cc(N2C(=O)C=CC2=O)c1,4.707965564005264
CHEMBL1516335,O=C(O)CN1C(=O)/C(=C\c2ccccc2OCc2ccc(F)cc2)SC1=S,4.364516253185088
CHEMBL1408395,Cc1ccc2c(c1)c(=O)c1c3n2CCN(C(=O)CCl)C3CC1,4.0
CHEMBL1486827,O=C(Cc1cnn(-c2ccccc2)c1)c1ccc(O)c(O)c1O,4.120961494762763
CHEMBL1589514,COc1ccc(N2C(=O)/C(=C/c3ccco3)C(=O)NC2=S)cc1,4.0
CHEMBL1598843,CCOc1cc(/C=C2/C(=O)ON=C2C)ccc1OCc1ccccc1F,4.382370702242158
CHEMBL1492654,CCOC(=O)C1Nc2ccc(C(=O)O)cc2C2C=CCC12,4.3472703039307525
CHEMBL2006418,O=[N+]([O-])c1ccc(N/N=C/c2ccc(O)c(O)c2O)c(S(=O)(=O)N2CCOCC2)c1,5.337242168318426
CHEMBL1490987,CCCc1nnc(NC(=O)c2nc(S(=O)(=O)Cc3ccc(C)cc3)ncc2Cl)s1,4.0
CHEMBL515505,Nc1nc(Sc2ccc([N+](=O)[O-])c3nonc23)c2nc[nH]c2n1,4.795066477645856
CHEMBL1464233,C#CCOc1c(Br)cc(/C=C2/C(=O)ON=C2C)cc1OC,4.0
CHEMBL1736502,CCCCCCCCSC1=CC(=O)C(OC)=C(OC)C1=O,4.903437561625864
CHEMBL1489368,Cc1cccc2c1c1ccc3c(c1n2C)C(=O)C=CC3=O,4.475474063373624
CHEMBL3197153,C/C(=N\Nc1cccc(C(=O)O)c1)c1ccc2c(c1)Nc1ccccc1S2,4.0
CHEMBL1503793,CC(C(=O)Nc1ccc(C(=O)O)c(O)c1)N1C(=O)/C(=C\c2ccco2)SC1=S,4.100015437450609
CHEMBL1736432,O=[N+]([O-])c1cc2no[n+]([O-])c2cc1N1CCCCC1,5.195179321278838
CHEMBL1363865,O=C1ON=C(c2ccccc2)/C1=C/c1ccc(OS(=O)(=O)c2ccccc2)cc1,4.491066473949967
CHEMBL1425314,Cc1ccc(F)c(NC(=O)/C(C#N)=C(\O)c2ccc(C(C)(C)C)cc2)c1,4.487182241435127
CHEMBL1414222,CC(C)C1Nc2ccc(C(=O)O)cc2C2C=CCC21,4.412289034981089
CHEMBL1369048,C=CCc1cc(C=C2C(=O)NC(=O)NC2=O)cc(OC)c1OCc1ccc(C(=O)O)cc1,4.535808629359001
CHEMBL1442758,O=C(O)c1[nH]c2ccccc2c1C(c1cccc(O)c1)c1c(C(=O)O)[nH]c2ccccc12,4.635261444944601
CHEMBL1550841,O=S(=O)(Nc1nc2ccccc2nc1NCc1ccco1)c1ccc(Cl)cc1,4.036589984319772
CHEMBL1443706,Cl.O=C(NCC(c1cccs1)N1CCOCC1)c1ccccc1NS(=O)(=O)c1ccc(Cl)c([N+](=O)[O-])c1,4.0
CHEMBL1598985,CCc1nnc(NC(=O)c2nc(S(=O)(=O)Cc3ccccc3)ncc2Cl)s1,4.0
CHEMBL1363782,Cc1ccc(C(C2C(=O)CC(C)(C)CC2=O)C2C(=O)CC(C)(C)CC2=O)s1,4.333294863880101
CHEMBL1345999,O=C1NC(=O)C(=Cc2cc(Cl)ccc2OCc2ccc(C(=O)O)cc2)C(=O)N1,4.684029654543083
CHEMBL3199187,COC(=O)c1ccc(COc2ccccc2/C=N/Nc2cccc(C(=O)O)c2)cc1,4.11781711236973
CHEMBL1717449,Nc1c(Br)cc(Br)c2c1C(=O)c1c(cccc1S(=O)(=O)O)C2=O,4.0172314227489885
CHEMBL3183391,CCc1ccc(S(=O)(=O)/N=C2\C=C(NS(=O)(=O)c3ccccc3)C(=O)c3ccccc32)cc1,4.639785386704648
CHEMBL3182716,CC(C)(C)c1ccc(S(=O)(=O)/N=C2\C=C(NS(=O)(=O)c3ccccc3)C(=O)c3ccccc32)cc1,4.593971055036385
CHEMBL1336283,Cc1ccc(NC(S)=NNc2ccc([N+](=O)[O-])cc2S(=O)(=O)Nc2ccccc2C(=O)O)cc1C,4.0
CHEMBL2007419,C/C(CC(c1ccccc1)c1c(O)oc2ccccc2c1=O)=N\Nc1ccc([N+](=O)[O-])cc1[N+](=O)[O-],4.024936003904764
CHEMBL1555532,N#Cc1c([N+](=O)[O-])cc([N+](=O)[O-])cc1S(=O)(=O)Cc1ccccc1,4.0
CHEMBL1521297,Cc1ccc(C(=O)c2coc3c2C(=O)C(=O)c2ccccc2-3)cc1,4.259637310505756
CHEMBL1964407,CCOC(=O)/C=C(\C)Sc1cc(O)c2ccccc2c1O,5.280668713016273
CHEMBL1572216,Cc1n[nH]c(O)c1C(c1ccc(-c2cccc(Cl)c2)o1)c1c(C)n[nH]c1O,4.247874692702101
CHEMBL1594182,CCCn1nc([N+](=O)[O-])c(C(C#N)c2nc3ccccc3o2)c(Cl)c1=O,4.4590451910738675
CHEMBL1318778,CC1=C(C#N)c2nc(N)c(C#N)c(C)c2/C1=C\c1ccc(OCC(=O)O)c(Cl)c1,4.445147565627946
CHEMBL1542987,O=S(=O)([O-])CCC[n+]1c(SCCCS(=O)(=O)O)sc2ccc(Cl)cc21,4.0
CHEMBL551842,CCCCCc1c2c(cc(O)c1C(=O)O)OC(=O)c1c(cc(OC)cc1C(=O)CCCC)O2,4.492279023314387
CHEMBL1408705,O=C1NC(=S)N(c2ccccc2F)C(=O)/C1=C\c1cccs1,4.152859382586594
CHEMBL1581683,O=C(O)CCC(=O)NCCc1c(/C=C2/C(=O)NC(=S)N(Cc3ccc(F)cc3)C2=O)[nH]c2ccccc12,4.0
CHEMBL3190629,Oc1ccc2ccccc2c1/C=N\C12CN3CCN(CN(C3)C1)C2,4.268330668171363
CHEMBL1503852,O=C(CN1C(=O)/C(=C/c2ccco2)SC1=S)Nc1ccc(O)c(C(=O)O)c1,4.0
CHEMBL1497153,O=C(O)c1[nH]c2ccccc2c1C(c1cc(Cl)cc([N+](=O)[O-])c1O)c1c(C(=O)O)[nH]c2ccccc12,5.0101054362812265
CHEMBL1374603,COc1ccc(NS(=O)(=O)c2ccc3c(c2)[C@H]2C=CC[C@H]2[C@@H](c2ccc(C(=O)O)cc2)N3)cc1,4.353400248279627
CHEMBL1598944,COc1ccc(/C=C2\C(=O)NC(=O)N(c3ccc(C)c(C)c3)C2=O)cc1CN1C(=O)c2ccccc2C1=O,4.0021332737608555
CHEMBL1503985,CCc1ccc(/C=C2\SC(=S)N(CCCC(=O)Nc3ccccc3C(=O)O)C2=O)cc1,4.5121548798885645
CHEMBL1318817,COc1cc(N=c2ssnc2Cl)c(OC)cc1Cl,4.0
CHEMBL1318818,COc1cc(CNc2ccc(N3CCCC3)cc2)ccc1OCc1ccccc1F,4.265760395564545
CHEMBL1437954,CCOc1ccc2nc(N3CCCN(C(=O)Nc4ccccc4C)CC3)c(C#N)cc2c1,4.411840383616908
CHEMBL1886015,Nc1nc(O)cc(N=Nc2ccc(O)cc2)n1,4.573651426212493
CHEMBL1599120,CC1(C)CC(=O)C(C(C2=C(O)CC(C)(C)CC2=O)c2ccc(Br)s2)C(=O)C1,4.667965722972482
CHEMBL3192031,O=C(O)CC1SC(N/N=C/c2ccc(-c3ccc(Cl)cc3[N+](=O)[O-])o2)=NC1=O,4.458046525541763
CHEMBL1599047,CC(C)c1ccc(Nc2ccc(C(=O)O)cc2[N+](=O)[O-])cc1,4.150519162756014
CHEMBL1497208,O=C1C(Cl)=C(N2CCOCC2)C(=O)N1c1ccccc1,4.729088360589519
CHEMBL1594191,CCOC(=O)c1c(NC(=O)/C=C/C(=O)O)sc(C)c1-c1ccc(Cl)cc1,4.366733588844576
CHEMBL1565810,Cc1ccc(S(=O)(=O)NN2C(=O)/C(=C/c3cccs3)SC2=S)cc1,4.452717692036697
CHEMBL1717890,O=C(NC1=CC(=O)c2ccccc2C1=O)c1ccccc1,4.733768303310106
CHEMBL1477046,Cc1ccc(S(=O)(=O)Nc2nc(-c3ccc(F)cc3)cs2)cc1,4.151441427876237
CHEMBL1533464,O=C(O)c1ccc(-n2nc(C(F)(F)F)c3c2-c2ccoc2CC3)cc1,4.0504148486733484
CHEMBL1966224,Oc1ccc(/C=N/N=C(c2ccccc2)c2ccccc2)c(O)c1O,4.631341287607773
CHEMBL1494242,COc1cc(/C=C2/C(=N)N3C(c4ccccc4)=CSC3=NC2=O)ccc1OCC(=O)O,4.0
CHEMBL187266,Cc1coc2c1C(=O)C(=O)c1c-2ccc2c1CCCC2(C)C,4.0
CHEMBL1526763,O=C(O)c1ccc(COc2ccccc2C=C2C(=O)c3ccccc3C2=O)cc1,5.198596289982645
CHEMBL1376342,O=C(O)c1ccc(N(c2ccccc2)c2ccccc2)cc1,4.219754716134648
CHEMBL1533621,O=C1C=C(Nc2cccc3cccnc23)c2ccccc2C1=O,4.297914278564175
CHEMBL131037,COc1ccc(OC)c2c1C(=O)C(Cl)=C(Cl)C2=O,5.281498311132726
CHEMBL1497243,CCOC(=O)c1cc(-c2ccc(/C=C3/C(=O)N(c4ccc(C(=O)O)cc4)N=C3C)o2)ccc1Cl,4.673254620434678
CHEMBL1408935,COc1cc(/C=C2\SC(=S)N(NS(=O)(=O)c3ccccc3)C2=O)cc(OC)c1OC,4.187287133234631
CHEMBL1521427,CC1=NN(Cc2ccccc2)C(=O)C1C(c1ccccc1)C(C#N)C#N,4.256803918551299
CHEMBL1418928,CCOC(=O)c1c(-c2cccc(C)c2)csc1NC(=O)C1CC=CCC1C(=O)O,4.214385475053176
CHEMBL1411089,Cc1cc(C)c(S(=O)(=O)ON2C(=O)c3ccccc3C2=O)cc1C,4.117760151981177
CHEMBL1536196,CNCc1ccccc1Sc1ccc(O)c(O)c1.O=C(O)/C=C\C(=O)O,4.674074044228534
CHEMBL1434750,O=C(O)CN1C(=O)/C(=C\c2cc(Br)ccc2OCc2ccc(Cl)cc2)SC1=S,4.605548319173784
CHEMBL1395453,CCOC(=O)c1sc(N2C(=O)C(O)=C(C(=O)c3ccco3)C2c2ccc([N+](=O)[O-])cc2)nc1C,4.419075024324381
CHEMBL1698646,Cc1ccc(S(=O)(=O)N2[C@@H](c3ccc(Cl)c(Cl)c3)C(C(=O)O)=C[C@H]2CC2CCCC2)cc1,4.362210170637771
CHEMBL1464715,CSC1=C(C#N)C(=O)NC(c2ccccc2O)S1,4.34524606674707
CHEMBL1454835,Cc1ccc(N2C(=O)NC(=O)/C(=C\c3cc(C)n(-c4ccc(C(=O)O)cc4)c3C)C2=O)cc1,4.0
CHEMBL1967862,O=C1/C(=N\S(=O)(=O)c2ccc([N+](=O)[O-])cc2)C(Cl)=C(O)c2ccccc21,4.114017188645027
CHEMBL3196320,O=C1CCC/C(=N/Nc2ccc(Cl)cc2)C1,4.030258023237145
CHEMBL1376311,N#Cc1c(O)nc(SCC(=O)N2c3ccccc3Sc3ccccc32)nc1-c1ccccc1,4.409492537991417
CHEMBL1425600,CCCOc1cccc(C2C(C(=O)c3cc4ccccc4o3)=C(O)C(=O)N2c2cc(C)on2)c1,4.486915639534856
CHEMBL1581845,CC1(C)CC(=O)C=C(NC2=CC3OC(c4ccccc4)OCC3OC2=O)C1,4.0
CHEMBL1346365,Cc1ccc(/C=C2\SC(NS(=O)(=O)c3cccs3)=NC2=O)cc1,4.145390361904205
CHEMBL1543152,O=C1NC(=O)C(=Cc2ccccc2Oc2ccc(F)cc2)C(=O)N1,4.425505731714672
CHEMBL1464721,O=C(O)c1cccc(NC2=C(Cl)C(=O)c3ccccc3C2=O)c1,4.80771138743188
CHEMBL3145167,COc1ccc(-c2cc(C(F)(F)F)c3c(=O)n(-c4ccccc4)[nH]c3n2)cc1,4.354970935278858
CHEMBL1386235,CCCSc1nc(O)c(C(c2ccc(OC)c(O)c2)c2c(O)nc(SCCC)n(C)c2=O)c(=O)n1C,4.375821074251977
CHEMBL1324181,COc1cc(/C=C2\SC(NS(=O)(=O)c3ccccc3)=NC2=O)c([N+](=O)[O-])cc1OC,4.362710452321825
CHEMBL1369592,COC(=O)CC1=NN(c2ccccc2)C(=O)/C1=C\c1ccc(OC)cc1,4.477686204843333
CHEMBL1698859,O=C1C(O)=CC(=C(c2ccccc2)c2ccccc2)c2ccccc21,4.0
CHEMBL1359070,CN(C)c1ccc(C=C2C(=O)NC(=S)NC2=O)cc1[N+](=O)[O-],4.892111974817201
CHEMBL1581916,COc1cc2c3c(c1)-c1c(sn(-c4cc(OC)ccc4OC)c1=S)C(C)(C)N3C(=O)C2=O,4.207958689287918
CHEMBL1536548,O=C1/C(=C/c2cccs2)SC(=S)N1NS(=O)(=O)c1ccccc1,4.241088107602026
CHEMBL1560629,Cc1cc(/C=C2\C(=O)NC(=O)N(c3ccccc3F)C2=O)c(C)n1-c1cc(C(=O)O)cc(C(=O)O)c1,4.196611175016386
CHEMBL1359054,O=C1NN(c2ccccc2)C(=O)/C1=C/c1ccc(-c2cccc(C(=O)O)c2)o1,4.5141366704026655
CHEMBL1398748,O=C(O)c1cccc2c1C(=O)c1ccc(-c3ccc(F)cc3OCc3ccccc3)cc1S2(=O)=O,4.296966695266314
CHEMBL1364221,O=C(O)c1ccc(Nc2cc(Cl)c3nonc3c2[N+](=O)[O-])cc1,4.921905849593589
CHEMBL1604527,Cc1ccc(C)c(S(=O)(=O)ON2C(=O)c3ccccc3C2=O)c1,4.0
CHEMBL1324111,Cc1c(Br)c(O)c(Br)c2sc(=O)oc12,4.205651396103917
CHEMBL1718737,Cn1c2ccccc2c2ccc3c(c21)C(=O)C=CC3=O,4.801893001126598
CHEMBL1575481,COc1ccc(/C=C2/SC(=S)N(CC(=O)O)C2=O)cc1OCc1ccc(Cl)cc1,4.0
CHEMBL1599312,NS(=O)(=O)c1ccc(-c2ccc(C=C3C(=O)NC(=O)NC3=O)o2)cc1,4.0
CHEMBL3392033,N#Cc1c(N)sc(=S)c2c1CCCCC2,4.0
CHEMBL1564699,O=C(O)CSc1cc(NS(=O)(=O)c2ccc(Cl)cc2)c2ccccc2c1O,5.145693958198919
CHEMBL1611182,O=[N+]([O-])c1c(Nc2cccc(O)c2)cc(Cl)c2nonc12,4.581036169296377
CHEMBL1386409,C=CCN1C(=O)/C(=C/c2cccs2)C(=O)NC1=S,4.358922686674625
CHEMBL1299634,CC(/C=C1\SC(=S)N(c2ccc(C(=O)O)cc2)C1=O)=C\c1ccccc1,4.4718549217468935
CHEMBL3189707,CCOc1cc(/C=N/NC2=NC(=O)C(CC(=O)O)S2)ccc1OCc1ccccc1Cl,4.28642546222793
CHEMBL1555752,CCN(CC)C(=O)c1ccc2c(c1)C1C(Cl)C(Sc3ccccc3[N+](=O)[O-])CC1C(C(=O)O)N2,4.228780098050466
CHEMBL3189815,COc1ccccc1NS(=O)(=O)c1ccc(N/N=C/c2ccccc2OCC(=O)O)c([N+](=O)[O-])c1,4.248336053739013
CHEMBL1699206,O=C(N/N=C/c1ccc(-c2ccc(S(=O)(=O)Nc3ncccn3)cc2)o1)c1cc2ccccc2cc1O,4.116622510251661
CHEMBL1970118,O=C(O)c1ccc(N=N/C(=N\Nc2ccc(C(=O)O)cc2)c2ccccc2)cc1,4.517269299920057
CHEMBL1438182,O=C(O)CCCNC(=O)/C=C/c1ccco1,4.0
CHEMBL1398964,O=C(O)c1cc(N2N=C(C(F)(F)F)/C(=C/C=C/c3ccco3)C2=O)ccc1Cl,4.6156465858624935
CHEMBL1425797,CCCCCOc1ccc(C2C(C(=O)c3ccc(C)o3)=C(O)C(=O)N2c2cc(C)on2)cc1,4.500863005462617
CHEMBL1865058,CCCCCCCC1=NN(c2ccc(S(=O)(=O)O)cc2)C(=O)C1N=O,4.562249437179612
CHEMBL3190381,O=C1Nn2c(nc3c(c2=O)CCCC3)/C1=N/Nc1cccc(C(F)(F)F)c1,4.542420853004238
CHEMBL1718480,CCc1ccc([C@@H]2CC=C(C(=O)O)[C@H](c3ccc(C)cc3)N2S(=O)(=O)c2ccc(C)cc2)cc1,4.385313657717988
CHEMBL1458114,O=C1/C(=C/c2cccc(F)c2)SC(=S)N1NS(=O)(=O)c1ccccc1,4.514846650096348
CHEMBL1560577,O=C(O)CN1C(=O)/C(=C\c2cc(Br)ccc2OCc2ccc(Cl)cc2Cl)SC1=S,4.54030602352203
CHEMBL1438240,CCOc1c(Cl)cc(CNc2ccc(N3CCCC3)cc2)cc1OC,4.030770520137357
CHEMBL1566197,Cc1ccc(S(=O)(=O)ON2C(=O)c3ccccc3C2=O)c(C)c1,4.0165992618194615
CHEMBL1543544,O=C1NC(=O)N(c2ccc(F)cc2)C(=O)/C1=C/c1ccc(N2CCOCC2)cc1,4.0
CHEMBL1566216,O=C(O)CN1C(=O)/C(=C\c2ccccc2OCc2ccc(Cl)cc2)SC1=S,4.363813104801276
CHEMBL1494499,CC(C)c1ccc(S(=O)(=O)c2nnn3c2nc(O)c2ccccc23)cc1,4.288192770958809
CHEMBL1487959,O=C(O)CN1C(=O)/C(=C\c2ccccc2OCc2ccc(Cl)cc2Cl)SC1=S,4.05744631966579
CHEMBL1865393,COc1ccccc1N(C(C)=O)C1=C(Cl)C(=O)c2ccccc2C1=O,5.036212172654444
CHEMBL1379740,COc1cccc2nc3cc(C)c(C)cc3nc12,4.206349282292827
CHEMBL1416184,O=[N+]([O-])c1c(NCCO)cc(Sc2nc3ccccc3s2)c2nonc12,4.120044414877251
CHEMBL3194086,O=C1C=C(Nc2ccccc2C(=O)O)c2ccccc2C1=O,4.0
CHEMBL187460,C[C@H]1COC2=C1C(=O)C(=O)c1c2ccc2c1CCCC2(C)C,4.045468057373086
CHEMBL1504429,CC(=O)OCCCNc1cc(Sc2nc3ccccc3s2)c2nonc2c1[N+](=O)[O-],4.0
CHEMBL1448367,CCCOC(=O)c1c(-c2ccc(C)cc2C)csc1NC(=O)C1C2CCC(O2)C1C(=O)O,4.259479413946336
CHEMBL1409585,O=C1/C(=C/c2ccc(C(=O)O)cc2)CCC/C1=C\c1ccc(C(=O)O)cc1,4.0
CHEMBL1447211,CC1=C(C#N)c2nc(N)c(C#N)c(C)c2/C1=C\c1ccc(-c2ccccc2C(=O)O)o1,4.565750547603525
CHEMBL1972915,Cc1nn(-c2ccccc2)c(Cl)c1/C=N/Nc1ccc(S(=O)(=O)Nc2ccccc2C(=O)O)cc1[N+](=O)[O-],4.47977856411804
CHEMBL1594698,COC(=O)COc1ccc(C(C2C(=O)CC(C)(C)CC2=O)C2C(=O)CC(C)(C)CC2=O)cc1,4.3183970012691315
CHEMBL1699845,O=C1C(Cl)=C(Oc2ccccc2)C(=O)c2ccccc21,5.334419008982047
CHEMBL1359270,CCc1ccc([C@@H]2CC=C(C(=O)O)[C@H](c3ccc(Cl)cc3)N2S(=O)(=O)c2ccc(C)cc2)cc1,4.394156460941911
CHEMBL1287980,CN(C)c1ccc(/C=c2\c3cc([N+](=O)[O-])ccc3n3c2cc(-c2ccccc2)[n+]3C)cc1.O=S(=O)([O-])C(F)(F)F,4.927382523454764
CHEMBL1369802,CC1=NOC(=O)/C1=C/c1ccc2c(c1)OCO2,4.937042165915489
CHEMBL3196672,NC(=O)/C(=N\OC(=O)c1ccco1)c1nc(-c2ccc(Br)cc2)cs1,4.38933983691012
CHEMBL3197091,Cc1cc(C)c(S(=O)(=O)/N=C2\C=C(Nc3ccc(C(=O)O)cc3)C(=O)c3ccccc32)c(C)c1,4.674484336636852
CHEMBL1379894,CC1(C)CC(=O)C2=C(C1)c1c(ccc3ccccc13)NC2c1cc([N+](=O)[O-])cc([N+](=O)[O-])c1O,4.596364810209452
CHEMBL1604719,O=C(O)CN1C(=O)/C(=C\c2cc(Br)ccc2OCc2ccc(F)cc2)SC1=S,4.50265561898242
CHEMBL3197651,Cc1cccc(N/N=C/c2ccc(O)c(O)c2O)c1,4.486249849918177
CHEMBL1336916,COc1ccccc1-c1cc(C(=O)Nc2sc3c(c2C#N)CCC(C)C3)c2ccccc2n1,4.009616741093766
CHEMBL1379924,CN(C)c1ccc(N=Nc2ccc(S(=O)(=O)[O-])cc2)c2ccccc12.[Na+],4.335358024443875
CHEMBL1364384,COc1ccc(OC)c(N2C(=O)C(Cl)=C(N3CCOCC3)C2=O)c1,4.743282254022513
CHEMBL1575788,C#CCOc1c(/C=C\c2nc(O)c([N+](=O)[O-])c(O)n2)cc(Br)cc1OC,4.128135297911805
CHEMBL381033,CC(/C=C1\SC(=S)N(NS(=O)(=O)c2ccccc2)C1=O)=C\c1ccccc1,4.533132379645891
CHEMBL1324406,COc1cc(C(C2C(=O)CC(C)(C)CC2=O)C2C(=O)CC(C)(C)CC2=O)cc(OC)c1OC,4.057148993445662
CHEMBL1482595,O=C(O)c1cc([N+](=O)[O-])c(NCCC2=CCCCC2)c([N+](=O)[O-])c1,4.1377493254020745
CHEMBL1354710,Cc1ccc(S(=O)(=O)N2[C@@H](c3cccc(Cl)c3)C(C(=O)O)=CC[C@H]2c2ccc(C(C)C)cc2)cc1,4.44057220024051
CHEMBL1346887,O=C(NC(=S)Nc1ccccc1C(=O)O)c1ccc(-c2ccc(Br)cc2)o1,4.374481771028362
CHEMBL1700257,Cc1ccccc1S(=O)(=O)N1[C@@H](c2ccc(Br)cc2)C(C(=O)O)=CC[C@H]1c1ccc(Cl)cc1,4.382999658879101
CHEMBL44664,Cc1ccc(C(=O)/C=C/C(=O)O)cc1,4.0
CHEMBL1521945,Cc1ccc2c(c1)C(=O)C(=O)N2CCCOc1ccccc1C,4.0
CHEMBL1543611,c1coc(-c2nc3nc4ccccc4n3nc2-c2ccco2)c1,4.0030507515046185
CHEMBL1497878,Cc1nc2nc(-c3cccs3)cn2nc1C,4.755475488429917
CHEMBL1700270,O=S(=O)(O)c1cc(Cl)cc(N=Nc2ccc(O)cc2O)c1O,4.2343314452409855
CHEMBL1887422,O=C1NC(=O)C(=Cc2ccccc2[N+](=O)[O-])C(=O)N1,4.563201489768196
CHEMBL1416451,Cc1cc(C)cc(NC(=S)N(Cc2ccc(Cl)cc2)Cc2ccc(C(=O)O)cc2)c1,4.035740369803151
CHEMBL3145089,COc1ccc(C(c2c(C)[nH]n(-c3ccccc3)c2=O)c2c(C)[nH]n(-c3ccccc3)c2=O)cc1OC,4.444663672004733
CHEMBL1537099,CC1=NN(c2ccc(C)cc2C)C(=O)C1C(c1ccccc1)C1C(=O)N(c2ccc(C)cc2C)N=C1C,4.31140222491883
CHEMBL1543897,C#CCOc1c(Br)cc(/C=C2/C(=O)ON=C2C)cc1OCC,4.071911540335029
CHEMBL1386851,COc1cc(C(=S)N2CCN(c3ccccc3Cl)CC2)cc(O)c1O,4.0
CHEMBL1594818,CCOc1cc(Br)cc(C(c2c(C(=O)O)[nH]c3ccccc23)c2c(C(=O)O)[nH]c3ccccc23)c1O,4.72792621249999
CHEMBL1606705,Cc1ccc(-c2nn(-c3ccccc3)cc2C=C2C(=O)CC(C)(C)CC2=O)cc1,4.348625056086957
CHEMBL1572924,Cc1cccc(NC2=C(NC(=O)c3ccccc3)C(=O)c3ccccc3C2=O)c1,4.233884716778586
CHEMBL1386872,Cc1ccc(C)c(S(=O)(=O)Nc2ccccc2C(=O)Nc2ccc(S(=O)(=O)Nc3ncccn3)cc2)c1,4.0
CHEMBL119878,[O-][S+](c1ccccc1O)[S+]([O-])c1ccccc1O,4.167746629802992
CHEMBL1409740,CCc1ccc(N2C(=O)C(Cl)=C(N3CCOCC3)C2=O)cc1,4.346208812612188
CHEMBL1409780,O=C(CCN1C(=O)/C(=C\C=C\c2ccccc2)SC1=S)Nc1ccccc1C(=O)O,4.192059278784501
CHEMBL1433919,O=C1NN(c2ccc(Cl)c(Cl)c2)C(=O)/C1=C/c1ccc(-c2ccccc2C(=O)O)o1,5.130181792020672
CHEMBL1399247,CCOc1ccc(N2C(=O)NC(=O)/C(=C\c3ccccc3[N+](=O)[O-])C2=O)cc1,4.5161275457773264
CHEMBL1340229,Cc1ccc2cc(C=C3C(=O)NC(=O)NC3=O)c(O)nc2c1,4.102647865655687
CHEMBL441433,O=C(O)c1cccc(N2C(=O)C=CC2=O)c1,4.114130139096093
CHEMBL1399331,O=C(O)c1cccc2c1NC(C(=O)O)C1CC(Sc3ccccc3[N+](=O)[O-])C(Cl)C21,4.410497203736236
CHEMBL1976042,Cc1ccc(NS(=O)(=O)c2ccc(N/N=C/c3ccccc3OCC(=O)O)c([N+](=O)[O-])c2)c(C)c1,4.357436562895612
CHEMBL1477708,COc1cc(/C=C2\C(=N)N3N=C(N4CCOCC4)SC3=NC2=O)ccc1OC(=O)c1ccccc1,4.0961506619033194
CHEMBL1359508,CSc1ccc(-c2sc(Nc3cccc4ccccc34)n[n+]2-c2ccccc2)cc1.[Cl-],4.351835221425999
CHEMBL1438567,Cc1ccc(CNc2ccc(O)cc2)cc1,4.034046110897937
CHEMBL1306943,O=C(O)c1cccc(N2C(=O)c3cc([N+](=O)[O-])cc4cc([N+](=O)[O-])cc(c34)C2=O)c1,4.573976984310124
CHEMBL1561832,COc1ccc(/C=C2\C(=O)NC(=O)N(c3ccccc3)C2=O)cc1CN1C(=O)c2ccccc2C1=O,4.131061821667089
CHEMBL1605235,O=[N+]([O-])c1cc([N+](=O)[O-])c2oc(-c3ccccc3)c(Br)c2c1O,4.35822852934604
CHEMBL1340284,O=C(O)/C=C/C(=O)c1c(-c2ccccc2)[nH]c2ccccc12,4.0
CHEMBL3194553,O=C(O)/C(CC(=O)c1ccc(Cl)cc1)=N/Nc1ccc([N+](=O)[O-])cc1[N+](=O)[O-],4.90204892900585
CHEMBL1566530,O=C(O)CN1C(=O)/C(=C\c2cc(Br)ccc2OCc2ccccc2Cl)SC1=S,4.615109203469446
CHEMBL3145018,Cc1[nH]n(-c2ccccc2)c(=O)c1C(c1ccccc1[N+](=O)[O-])C(C#N)C#N,4.063435994864734
CHEMBL1701202,Cc1ccc([C@H]2C(C(=O)O)=CC[C@@H](c3ccc(Cl)c(Cl)c3)N2S(=O)(=O)c2ccc(C)cc2)cc1,4.411280220399943
CHEMBL1340338,Cc1ccc(Cl)c2c(C3=NC(=S)NC3=O)c(O)[nH]c12,4.211266141172293
CHEMBL1543994,COc1cc(C(c2c(C(=O)O)[nH]c3ccccc23)c2c(C(=O)O)[nH]c3ccccc23)ccc1OCc1ccccc1,4.795066477645856
CHEMBL1404302,CCOc1cc(/C=C2\C(=O)NC(=O)N(C)C2=O)cc([N+](=O)[O-])c1O,4.702020755840637
CHEMBL1347163,CCc1sc(/C=C(/C#N)C(N)=S)cc1[N+](=O)[O-],4.4701848033553695
CHEMBL1347107,COC(=O)c1ccc(-c2ccc(C(c3c(C)n[nH]c3O)c3c(C)n[nH]c3O)o2)cc1,4.0
CHEMBL3145049,Cc1[nH]n(-c2ncc(-c3ccc(Cl)cc3)s2)c(=O)c1C(c1ccc(Cl)cc1)C(C#N)C#N,4.638839004804974
CHEMBL1455522,CC1=NN(c2ccc(C(=O)O)cc2)C(=O)/C1=C\c1ccc(OC(=O)c2cccs2)cc1,4.807153884811158
CHEMBL1458709,O=C(NNc1cc(Br)c(O)c(Br)c1)c1ccccc1,4.199557878663743
CHEMBL1437854,Nc1c(C(=O)O)sc2nc(-c3ccccc3)cc(-c3ccc(Cl)cc3)c12,4.150273555803672
CHEMBL1359614,CC(C(=O)Nc1ccc(O)cc1C(=O)O)N1C(=O)/C(=C\c2cccs2)SC1=S,4.320118057887138
CHEMBL3196837,Oc1ccc(/C=N/Nc2ccc(Cl)nn2)c(O)c1O,4.785156151952302
CHEMBL1867311,CCOc1cc(/C=N/Nc2ccc(S(=O)(=O)Nc3ccccc3C(=O)O)cc2[N+](=O)[O-])cc(Cl)c1O,4.517412230473233
CHEMBL1594915,COc1ccccc1N(O)C1CC(=O)N(c2ccc(Br)cc2)C1=O,4.4590451910738675
CHEMBL3196993,O=C(Cc1csc(N2CCOCC2)n1)N/N=C/c1ccc(O)c(O)c1O,4.0
CHEMBL1700996,Cl.O=C1C(Br)=C(N2CCN(CCOCCO)CC2)C(=O)c2c(O)ccc(O)c21,5.291579099865287
CHEMBL1337176,COc1cccc(/C=C2\SC(=S)N(C(C(=O)O)c3ccccc3)C2=O)c1OC,4.3035562368610005
CHEMBL1887884,O=C1NC(=S)NC(=O)C1=Cc1c(Cl)cccc1Cl,4.5699249444480605
CHEMBL1556267,Cc1cc[n+](-c2[n-]c(=O)sc2C=NNC(=O)c2ccncc2)cc1,4.0764969330578955
CHEMBL1979957,COCC/N=c1\scc(-c2cccs2)n1/N=C/c1ccc(O)c(O)c1O,4.0
CHEMBL1396610,O=C(CN1C(=O)/C(=C2/SC(=S)N(CCS(=O)(=O)O)C2=O)c2ccccc21)Nc1cccc(Br)c1,4.210771942732665
CHEMBL1426440,COC(=O)[C@@H]1[C@@H](C#N)C2(c3ccccc3-c3ccccc32)N(c2ccc(Cl)cc2)N1C#N,4.0343750328907575
CHEMBL1720855,CC1(C)CC[C@]2(C(=O)n3ccnc3)CC[C@]3(C)[C@H](C(=O)C=C4[C@@]5(C)C=C(C#N)C(=O)C(C)(C)[C@@H]5CC[C@]43C)[C@@H]2C1,4.4180503416266825
CHEMBL1380356,O=C(O)COc1ccccc1/C=C1\C(=O)NC(=O)N(CCC2=CCCCC2)C1=O,4.0
CHEMBL1410091,Cc1oc2cc([N+](=O)[O-])c(O)c([N+](=O)[O-])c2c1C(=O)c1ccc(Cl)cc1,4.20844969497267
CHEMBL1410249,O=c1nc2n(c(O)c1C(c1ccc(O)cc1)c1c(O)nc3n(c1=O)CCS3)CCS2,4.313900228004084
CHEMBL1582895,CC(=O)OCC1=C(C(=O)O)N2C(=O)C(NC(=O)CCn3nc(C(F)(F)F)c(Br)c3C3CC3)C2SC1,4.261377972082057
CHEMBL1489865,CCCOc1ccc(C(=O)C2=C(O)C(=O)N(c3ccccn3)C2c2ccc(OC)cc2)cc1C,4.128777443240293
CHEMBL1380403,COc1ccccc1N(O)C1CC(=O)N(c2ccc(F)cc2)C1=O,4.207888590912831
CHEMBL1494912,COc1cccc(/C=C2/C(=O)NN(c3ccccc3)C2=O)c1,4.339608901597533
CHEMBL175434,NS(=O)(=O)c1ccc(NC2=CC(=O)C(=O)c3ccccc32)cc1,4.4089353929735005
CHEMBL1489812,O=C1NC(=O)C(=Cc2csc3ccccc23)C(=O)N1,4.570086302236246
CHEMBL1426592,O=C1NN(c2cccc(Br)c2)C(=O)/C1=C\c1ccccc1,4.454074670644157
CHEMBL3145001,Cc1[nH]n(-c2ccccc2)c(=O)c1C(c1ccc(C(=O)O)cc1)c1c(C)[nH]n(-c2ccccc2)c1=O,4.678815972697686
CHEMBL1337235,CS(=O)(=O)c1ncc(Cl)c(C(=O)Nc2ccc(N3CCOCC3)cc2)n1,4.0
CHEMBL1605668,COc1ccc(C(=O)/C=C/c2ccc(-c3ccccc3)cc2)cc1CSCC(=O)O,4.423198104171087
CHEMBL1517374,Cc1ccc(O)c(NC2=C(Cl)C(=O)N(Cc3ccccc3)C2=O)c1,4.0
CHEMBL1325819,C=CCOc1cccc(C2C(C(=O)c3ccc(C)o3)=C(O)C(=O)N2c2nccs2)c1,5.248720896016658
CHEMBL3144970,Cc1[nH]n(-c2ncc(-c3ccccc3)s2)c(=O)c1C(c1ccc(Cl)cc1)C(C#N)C#N,4.495937117321308
CHEMBL1347373,O=C(O)CCn1cc(C=C2C(=O)NC(=S)NC2=O)c(-c2cccc(Br)c2)n1,5.218963061378868
CHEMBL1307207,NC(=O)C1CCN(C2=C(Cl)C(=O)c3ccccc3C2=O)CC1,4.584359020103846
CHEMBL394197,Cc1n[nH]c(O)c1C(c1ccc(-c2ccc(Cl)c(C(=O)O)c2)o1)c1c(C)n[nH]c1O,4.0
CHEMBL1603886,O=C1C(Cl)=C(N2CCCCC2)C(=O)N1c1ccccc1,4.174833627743451
CHEMBL1891071,CC(=O)N1CCc2c(sc(NC(=O)c3ccc([N+](=O)[O-])o3)c2C(N)=O)C1,4.04895405186418
CHEMBL1495157,CCOC(=O)C1(C)C(N=Nc2cccc(Cl)c2)=C(O)C(=O)N1c1ccccc1,4.735654492949908
CHEMBL1340633,COc1cc(-c2ccc(Nc3ccccc3C(=O)O)c(OC)c2)ccc1Nc1ccccc1C(=O)O,4.7256112044496215
CHEMBL1522210,O=C(O)c1[nH]c2ccccc2c1C(c1cc(Br)ccc1O)c1c(C(=O)O)[nH]c2ccccc12,4.796423225022028
CHEMBL1721095,O=C1C=C(c2c(O)ccc3ccccc23)c2ccccc2C1=O,5.228412519118745
CHEMBL1534470,O=Cc1cc(N=Nc2cccc(C(=O)O)c2)ccc1O,4.001958735636571
CHEMBL3145155,COc1cccc(C(c2c(C)[nH]n(-c3ccccc3)c2=O)c2c(C)[nH]n(-c3ccccc3)c2=O)c1O,4.410832609453952
CHEMBL1319867,O=[N+]([O-])c1c(Nc2ccccc2O)cc(Cl)c2nonc12,5.013228265733755
CHEMBL1566786,COc1cc(/C=C2\C(=O)N(c3ccccc3)N=C2C)ccc1Oc1ccc([N+](=O)[O-])cc1[N+](=O)[O-],4.236572006437063
CHEMBL1455803,O=[N+]([O-])c1c(O)nc(O)nc1/C=C/c1ccc(Cl)cc1Cl,4.308741641866889
CHEMBL1544403,COC(=O)c1c(Cl)c2n3ccccc3c(C)c(-c3ccccc3)c-2c1C(=O)OC,4.127902025725773
CHEMBL1410562,Cc1nn(Cc2ccccc2)c2c1C(c1cccc(Cl)c1)C(C#N)=C(N)O2,4.0
CHEMBL1212972,CC1OC(CC(=O)O)CC2=C1C(=O)c1c(O)cccc1C2=O,5.297569463554475
CHEMBL1576509,COc1ccccc1/C=C1/C(=O)N(c2ccccc2)N=C1C,4.04474531717982
CHEMBL1495219,Cn1nc([N+](=O)[O-])c(C(C#N)c2nc3ccccc3n2C)c(Cl)c1=O,4.7775436633207535
CHEMBL1455757,O=C(NN=Cc1cc(Br)c(O)c(Br)c1)c1ccccc1NS(=O)(=O)c1cccs1,4.558147824226708
CHEMBL3194876,Oc1ccc(/C=N/NC(=S)Nc2cccnc2)c(O)c1O,4.6118987984294835
CHEMBL1370708,COc1cc(/C=C2/SC(NS(=O)(=O)c3ccccc3)=NC2=O)c([N+](=O)[O-])cc1OC,4.339229356472303
CHEMBL3195177,CC/N=c1\scc(C)n1/N=C/c1ccc(O)c(O)c1O,4.670602120638957
CHEMBL1890959,Cc1noc(NS(=O)(=O)c2ccc(NC(=O)c3ccccc3NS(=O)(=O)c3ccc(F)c(F)c3)cc2)c1C,4.479385478121764
CHEMBL1890961,O=C1C=C(N2CC2)c2ccccc2C1=O,4.5268050907950625
CHEMBL1890165,Cc1ccc(S(=O)(=O)/N=C2\C=C(NS(=O)(=O)c3ccc(C)cc3)C(=O)c3ccccc32)cc1,4.513711239039433
CHEMBL1583026,O=C1NC(=O)C(=Cc2c[nH]nc2-c2ccccc2)C(=O)N1,4.276052023568356
CHEMBL1984240,COCC/N=c1\scc(-c2ccco2)n1/N=C/c1ccc(O)c(O)c1O,4.0
CHEMBL1534498,CCOc1cc([N+](=O)[O-])cc(/C=C2/NC(=O)N(Cc3ccccc3F)C2=O)c1O,4.230992129056226
CHEMBL1443679,COC(=O)c1c(NC(=O)/C=C/C(=O)O)sc(C)c1-c1ccc(C(C)C)cc1,4.187287133234631
CHEMBL1517470,Nc1c(S(=O)(=O)[O-])cc(NC(=O)c2ccccc2)c2c1C(=O)c1ccccc1C2=O.[Na+],4.4641997091751024
CHEMBL1365018,CN(C)c1ccc(C=C2C(=O)NC(=O)NC2=O)cc1[N+](=O)[O-],4.788612447063141
CHEMBL1387563,Cc1ccc(-c2ccc(/C=C3\C(=O)ON=C3c3ccccc3)o2)c([N+](=O)[O-])c1,4.954677021213342
CHEMBL3196491,Cc1ccc(C)c(S(=O)(=O)/N=C2\C=C(NS(=O)(=O)c3ccccc3)C(=O)c3ccccc32)c1,4.00943917000598
CHEMBL1370899,Cc1ccc(N2C(=O)C(Cl)=C(N3CCOCC3)C2=O)cc1Cl,4.459420283495546
CHEMBL1476089,O=C1C(Cl)=CC(=Nc2ccc([O-])cc2)C=C1Cl.[Na+],5.153662887870195
CHEMBL1387631,C#CCOc1ccc(/C=C2/C(=O)ON=C2C)cc1Cl,4.012870232340103
CHEMBL3197063,O=C(O)c1ccc(N/N=C/c2cn(Cc3ccccc3F)c3ccccc23)cc1,4.193277496923819
CHEMBL1459167,Cc1nn(-c2ccccc2)c2c1C(c1cccs1)C(C#N)=C(N)O2,4.0
CHEMBL1721986,CC(C)c1ccc(S(=O)(=O)/N=C2/C=C(Sc3nc[nH]n3)C(=O)c3ccccc32)cc1,5.161780778092374
CHEMBL1537807,CCOc1ccc(/C=C/c2nc(O)nc(O)c2[N+](=O)[O-])cc1,4.338281942305341
CHEMBL1889709,O=C1NN(c2ccccc2)C(=O)C1=Cc1ccccc1O,4.461300620457593
CHEMBL1583264,CC(=O)N(C(C)=O)N1C(=O)/C(=C/c2ccc(Cl)cc2)SC1=S,4.6293019074244235
CHEMBL1551717,COC(=O)c1c(C)oc2c1cc(NS(=O)(=O)c1ccc(C(=O)O)cc1)c1ccccc12,4.161150909262744
CHEMBL1498652,O=C1C(C2=C(O)c3ccccc3C2=O)=Nc2ccccc21,4.244887733604929
CHEMBL1365079,COC(=O)CSC1=NS(=O)(=O)c2ccccc21,4.635073966210024
CHEMBL1889318,Oc1ccc(CN2CCCCC2)nc1O,4.1876883908688765
CHEMBL1371004,O=C(O)CSc1nc(-c2ccc(Cl)cc2)nc2c1oc1ccccc12,4.391580948682715
CHEMBL1465938,COc1ccc(S(=O)(=O)Nc2cc(SCC(=O)O)c(O)c3ccccc23)cc1,5.141462802430361
CHEMBL1985932,COc1ccc(/C=N/NC2=NC(=O)C(CC(=O)O)S2)cc1OCc1ccc(Cl)cc1Cl,4.226506107729029
CHEMBL3199328,Oc1ccc(/C=N/NP(=S)(c2ccccc2)c2ccccc2)c(O)c1O,4.0
CHEMBL1380801,O=[N+]([O-])c1c(Nc2ccccn2)cc(Cl)c2nonc12,4.699404516110037
CHEMBL1537873,CCOc1ccc(N2C(=O)C(Cl)=C(N3CCOCC3)C2=O)cc1,4.532391894416366
CHEMBL1420379,CC(C)(C)c1ccc(OCC(=O)NNC(=S)NC(=O)c2ccccc2[N+](=O)[O-])c(Br)c1,4.25212229418021
CHEMBL1347659,O=C(O)Cn1cc(C=C2C(=O)NC(=O)NC2=O)c2ccccc21,4.0
CHEMBL1400512,CC(C)OP(=O)(OC(C)C)C1(NS(=O)(=O)c2ccccc2)C=C(Br)C(=O)c2ccccc21,4.2400301424456925
CHEMBL1565506,Cc1ccc(S(=O)(=O)Oc2ccccc2C=C2C(=O)N(C)C(=O)N(C)C2=O)cc1,4.422968014373969
CHEMBL3186541,CC(C)c1ccc(S(=O)(=O)/N=C2\C=C(NS(=O)(=O)c3ccccc3)C(=O)c3ccccc32)cc1,4.590574131328556
CHEMBL1320143,O=C(CCN1C(=O)/C(=C/c2ccc3c(c2)OCO3)SC1=S)Nc1cccc(C(=O)O)c1,4.3281794398167515
CHEMBL1420416,COc1cc(/C=C2\SC(=S)N(C(C(=O)O)c3ccccc3)C2=O)cc(OC)c1OC,4.0
CHEMBL1377516,O=C(O)C1=CC[C@@H](c2ccc(Cl)cc2)N(S(=O)(=O)c2ccc(Cl)cc2)[C@H]1c1cccc(Cl)c1,4.426896216836009
CHEMBL1527,O=C(c1ccccc1)c1ccc(O)c(O)c1O,4.239125361947811
CHEMBL1377465,COc1cc(CN2CCCC(C(=O)c3ccc4c5c(cccc35)CC4)C2)cc(OC)c1O,4.01014989039682
CHEMBL1478304,COc1cc(C(C2C(=O)CC(C)(C)CC2=O)C2C(=O)CC(C)(C)CC2=O)ccc1O,4.2057211342786
CHEMBL1987742,COC1=CC(=O)C(O)=C(CCCCCCC/C=C/CCCCCCCC2=C(O)C(=O)C=C(OC)C2=O)C1=O,4.96617430604669
CHEMBL1417070,Cc1c(Cl)cccc1NS(=O)(=O)c1ccc2c(c1)C1C=CCC1C(c1ccc(C(=O)O)cc1)N2,4.205930416018368
CHEMBL1703236,O=C1CC2CCCN2C=C1I,4.202593950323618
CHEMBL1583386,Cc1cc(C(C2C(=O)CC(C)(C)CC2=O)C2C(=O)CC(C)(C)CC2=O)cc(C)c1OC(F)F,4.361810359809163
CHEMBL1331211,O=C(O)CSc1cc(NS(=O)(=O)c2ccc(Br)cc2)c2ccccc2c1O,5.115771230367396
CHEMBL1435111,O=C(NN=Cc1cc(Br)c(O)c(Br)c1)c1ccc(NS(=O)(=O)c2cccs2)cc1,4.269783159431306
CHEMBL3191602,O=C(O)CC1SC(N/N=C/c2ccc(-c3ccccc3[N+](=O)[O-])o2)=NC1=O,4.0507564094317345
CHEMBL1466196,Cc1cccc(-n2c3nc(=O)[nH]c(=O)c-3cc3cc([N+](=O)[O-])ccc32)c1,4.485053994691996
CHEMBL1538023,CC1=NOC(=O)/C1=C\c1ccc(-c2ccc(Cl)c(C(=O)O)c2)o1,4.816445466381138
CHEMBL1869545,CC1CC(=O)C(C(C2=C(O)CC(C)CC2=O)c2ccccc2)=C(O)C1,4.17901082358395
CHEMBL1505493,CCOc1ccc(/C=C2\SC(=S)N(NS(=O)(=O)c3ccc(C)cc3)C2=O)cc1OC,4.233959139618611
CHEMBL1583428,CCCOC(=O)c1c(NC(=O)C2C3C=CC(C3)C2C(=O)O)sc2c1CCC(C)C2,4.29860473098608
CHEMBL1320111,COc1ccc(N2C(=O)C(Cl)=C(Nc3ccccc3O)C2=O)cc1,4.1081281695544165
CHEMBL1498871,COc1ccc(C(C2C(=O)CC(C)(C)CC2=O)C2C(=O)CC(C)(C)CC2=O)cc1,4.517698232776557
CHEMBL1702945,Nc1ccc(S(=O)(=O)c2cc(O)c3ccccc3c2O)cc1,5.262012673666569
CHEMBL1439124,CCSc1nnc(NC(=O)c2nc(S(=O)(=O)Cc3ccc(F)cc3)ncc2Cl)s1,4.382265964635982
CHEMBL1561711,CCCC(C(=O)O)N1C(=O)/C(=C2\C(=O)N(C)c3ccccc32)SC1=S,4.517555208081735
CHEMBL267548,C=CC1=C(C)c2cc3nc(cc4[nH]c(cc5[nH]c(cc1n2)c(C)c5C=C)c(C)c4CCC(=O)O)C(CCC(=O)O)=C3C,4.461049437985639
CHEMBL1544885,Cc1cc(N2C(=O)C(O)=C(C(=O)c3ccc(C)o3)C2c2cccc(Oc3ccccc3)c2)no1,4.495393229358046
CHEMBL1487033,COc1cccc(/C=C2/C(=O)NN(c3ccc(C)c(C)c3)C2=O)c1,4.0
CHEMBL1372387,O=C(O)CSc1cc(C(=O)c2ccccc2O)cn2c(=O)c3c4c(sc3nc12)CCCC4,4.026225806029419
CHEMBL1459491,O=C(COc1ccccc1/C=C\c1nc(O)nc(O)c1[N+](=O)[O-])Nc1ccccc1,4.399462705635531
CHEMBL1420642,COc1cc(/C=C2/C(=O)c3cccc([N+](=O)[O-])c3C2=O)c(Br)cc1O,5.128427064454121
CHEMBL1420606,CC(C)c1ccc(-c2csc(NC(=O)c3cccs3)c2C(=O)O)cc1,4.398918272215977
CHEMBL1387843,Nc1cc2nsnc2cc1Br,4.3125602254541056
CHEMBL1538116,O=C(O)c1cccc(Nc2nc3ccccc3nc2NS(=O)(=O)c2cccs2)c1,4.178617500252701
CHEMBL1360321,CN1C(=O)NC(=O)/C(=C\c2ccc([N+](=O)[O-])o2)C1=O,4.370998380713008
CHEMBL1451059,CCN(CC)Cc1cc(O)c(CN(CC)CC)cc1O,4.551448260798422
CHEMBL1722512,Cc1ccc([C@@H]2CC=C(C(=O)O)[C@H](c3ccc(Br)cc3)N2S(=O)(=O)c2ccc(C)cc2)cc1,4.3715088950328775
CHEMBL1459563,COC(=O)C1=C(C(=O)OC)C(c2ccccc2O)c2sc(O)nc2S1,4.030444315779157
CHEMBL1722625,O=[N+]([O-])c1ccc(-c2cc([N+](=O)[O-])c(O)c([N+](=O)[O-])c2)cc1,4.30715308072277
CHEMBL1381149,COc1cc(/C=C2/C(=O)NN(c3cccc(C)c3)C2=O)ccc1OC(=O)c1ccco1,4.193616498175833
CHEMBL1870168,O=C1CC(Nc2ccc([N+](=O)[O-])cc2)=NN1c1c(Cl)cc(Cl)cc1Cl,4.315423912611545
CHEMBL1607313,COc1ccc2[nH]c3c4c(ccc3c2c1)C(=O)C=CC4=O,4.0
CHEMBL409315,O=C(O)CN1C(=O)/C(=C2\SC(=S)N(C(Cc3ccccc3)C(=O)O)C2=O)c2ccccc21,4.3771645204784795
CHEMBL1892650,Cc1noc(NS(=O)(=O)c2ccc(NC(=O)c3ccccc3NS(=O)(=O)c3ccc(F)cc3)cc2)c1C,4.388170520501626
CHEMBL1420739,COc1ccccc1N1C(=O)NC(=O)/C(=C/c2ccc3c(c2)Cc2ccccc2-3)C1=O,4.226506107729029
CHEMBL1538225,Cc1ccc(-n2c3nc(=O)[nH]c(=O)c-3cc3cc([N+](=O)[O-])ccc32)cc1C,4.186552455735179
CHEMBL1703976,O=C1OC(c2ccc3ccccc3c2O)(c2ccc3ccccc3c2O)c2ccccc21,4.721475035262983
CHEMBL1529705,O=C1Nc2ccc(F)cc2C12Nc1ccccc1-c1nnc(SCc3ccccc3Cl)nc1O2,4.0
CHEMBL1703892,O=C1/C(=C\c2ccc([N+](=O)[O-])cc2)CS(=O)(=O)C/C1=C/c1ccc([N+](=O)[O-])cc1,4.0
CHEMBL1444119,O=C(O)/C(=C\c1ccc(Cl)c([N+](=O)[O-])c1)c1ccc(S(=O)(=O)N2CCCCC2)s1,4.089215565207163
CHEMBL1703812,COC1C=COC2(C)Oc3c(C)c(O)c4c(O)c(c(CN5CCN(C)CC5)c(O)c4c3C2=O)NC(=O)C(C)=CC=CC(C)C(O)C(C)C(O)C(C)C(OC(C)=O)C1C,4.014932966849499
CHEMBL1400127,C=CCOc1ccc(C(c2c(C(=O)O)[nH]c3ccccc23)c2c(C(=O)O)[nH]c3ccccc23)cc1,4.656788409820252
CHEMBL1466466,O=C(O)c1cccc(CN2C(=O)S/C(=C/c3cccc([N+](=O)[O-])c3)C2=O)c1,4.079824477989977
CHEMBL1325440,Cc1ccc(/C=C2/C(=O)c3ccc(C(=O)O)cc3C2=O)o1,4.396963943749478
CHEMBL1411221,COc1cc(NC(=O)CSc2ncnc3sc4c(c23)CCC(C)C4)c(C(=O)O)cc1OC,4.065350077099289
CHEMBL221415,Cc1ccc(-c2nn(-c3ccccc3)cc2/C=C2\SC(=S)N(CC(=O)O)C2=O)cc1,4.437350327788083
CHEMBL1341444,O=C1NN(c2ccccc2)C(=O)/C1=C\c1cccc(OC(=O)c2cccs2)c1,4.673869043289205
CHEMBL1538359,CC1(C)CC(=O)C(=Cc2cn(CCC#N)nc2-c2ccc(F)cc2)C(=O)C1,4.2777775360302694
CHEMBL1489633,CCOC(=O)CC1=NN(c2ccccc2)C(=O)/C1=C\c1ccc(OC)cc1OC,4.566550206238404
CHEMBL1301362,O=C(O)CN1C(=O)/C(=C\c2cccc(OCc3ccccc3)c2)SC1=S,4.374996398985137
CHEMBL1400214,O=C1NC(=O)C(=Cc2ccc(N3CCN(C(=O)c4ccccc4)CC3)c([N+](=O)[O-])c2)C(=O)N1,4.703115524461453
CHEMBL1704261,CCCC(=O)NC1=C(Cl)C(=O)c2ccccc2C1=O,4.838332587562264
CHEMBL1301353,COc1cccc(-c2coc3c(C)c4oc(=O)c(CCC(=O)O)c(C)c4cc23)c1,4.3929741215652145
CHEMBL1331561,O=C1c2ccccc2C(=O)N1OS(=O)(=O)c1ccc(F)cc1,4.0
CHEMBL1538386,CC1=NN(c2ccc(Cl)c(C(=O)O)c2)C(=O)/C1=C/c1ccc(-c2ccccc2[N+](=O)[O-])o1,5.022276394711152
CHEMBL1478635,COc1cc(/C=C2/SC(NS(=O)(=O)Cc3ccccc3)=NC2=O)c([N+](=O)[O-])cc1OC,4.118387127521651
CHEMBL3190829,O=C(O)c1cc(N/N=C/c2ccc(-c3ccccc3)cc2)ccc1Cl,4.211407444079641
CHEMBL1723511,O=C(O)c1cccc2cccc(-c3c4ccc(=O)c(O)c-4oc4c(O)c(O)ccc34)c12,4.8344589232776265
CHEMBL1991442,O=C1Nn2c(nc3c(c2=O)CCCC3)/C1=N/Nc1cccc(Cl)c1,4.204954629578875
CHEMBL1371641,O=C(O)CN1C(=O)/C(=C\c2cccc(OCc3ccccc3F)c2)SC1=S,4.4175957019809715
CHEMBL1172978,O=C(O)c1ccccc1-c1ccccc1C(=O)Nc1ccc2c(c1)C(=O)c1ccccc1-2,4.230105964187831
CHEMBL1551702,NC(=O)COc1ccc(/C=C2\C(=O)ON=C2c2ccccc2)cc1,4.169154807691388
CHEMBL1172912,CCn1c2ccccc2c2cc(NC(=O)c3ccccc3-c3ccccc3C(=O)O)ccc21,4.367846516489367
CHEMBL3145109,Cc1[nH]n(-c2ccccc2)c(=O)c1C(c1cccc([N+](=O)[O-])c1)c1c(C)[nH]n(-c2ccccc2)c1=O,4.276790689594889
CHEMBL1491562,CCN(CC)C(=O)c1ccc2c(c1)C1C=CCC1C(C(=O)O)N2,4.061880730805688
CHEMBL3191780,C/N=c1\scc(C)n1/N=C/c1ccc(O)c(O)c1O,4.858236769724212
CHEMBL1478587,CSc1nc(SCC(=O)O)c2sc3nc(-c4ccccc4)c4c(c3c2n1)CCC4,4.310424784240062
CHEMBL1411344,O=C1NC(=S)NC(=O)C1=Cc1cccn1-c1ccc(O)cc1,4.465339424171556
CHEMBL1528850,O=C(O)CCn1cc(C=C2C(=O)NC(=O)NC2=O)c(-c2ccc(Br)cc2)n1,5.098541678603888
CHEMBL1506031,Nc1ccc(N2CCCCC2)c2nonc12,4.391902053674721
CHEMBL1723955,O=C1C(Cl)=C(NCCc2ccccc2)C(=O)c2ccccc21,5.0385789059335515
CHEMBL1538460,O=C(O)/C=C/C(=O)c1ccc(O)cc1,4.0
CHEMBL1308276,Oc1nc(/C=C/c2ccc(Cl)cc2Cl)cc(C(F)(F)F)n1,4.166024628720094
CHEMBL1331911,CCCCC(NC(=O)Cc1c(C)c2cc3c(-c4ccccc4)coc3c(C)c2oc1=O)C(=O)O,4.292770580672706
CHEMBL1325591,COc1cc(/C=C(\C#N)C(=O)Nc2ccccc2C(=O)O)cc(Cl)c1OC,4.217814133507984
CHEMBL1434285,O=C(O)c1ccccc1NS(=O)(=O)c1cccc(NS(=O)(=O)c2cc(Br)ccc2Br)c1,4.548520594875138
CHEMBL1607263,CCc1ccc(S(=O)(=O)Nc2cc(SCC(=O)O)c(O)c3ccccc23)cc1,5.020907099361674
CHEMBL1368308,COC(=O)CCC(=O)OC1(C)C(=O)C2=CN(Cc3ccccc3)C(c3ccc(OC)cc3)=CC2=C(Br)C1=O,4.408156588775215
CHEMBL1400203,O=C1Oc2ccccc2C(=O)/C1=C/c1ccccc1O,4.598944274228156
CHEMBL1405333,CC(C)c1cccc(-c2ccc3c(c2)S(=O)(=O)c2cccc(C(=O)O)c2C3=O)c1,4.17940450345551
CHEMBL1704513,Cc1cc(O)c2c(c1)C(=O)[C@@]13Oc4c5c(c(O)c6c(O)cc(C)cc46)C(=O)C[C@H](O)[C@H]5[C@@H]1[C@@H](O)CC(=O)C3=C2O,4.776763726897002
CHEMBL1517389,Cc1ccc2c(c1Cl)NC(C(=O)O)C1CC(Sc3ccccc3[N+](=O)[O-])C(Cl)C21,4.11429961987167
CHEMBL1529285,O=C(O)c1ccc(NS(=O)(=O)c2ccc3c(c2)C2C=CCC2C(c2ccccc2F)N3)cc1,4.2053028731080015
CHEMBL1994371,CCN1C(=O)/C(=C\c2ccc(-c3ccc([N+](=O)[O-])cc3OC)o2)S/C1=N\c1cccc(C(=O)O)c1,4.190171038932114
CHEMBL1724452,C[n+]1c(-c2ccccc2)cc2c(=Cc3ccc([N+](=O)[O-])cc3)c3ccccc3n21.O=S(=O)([O-])C(F)(F)F,4.846185135655471
CHEMBL1538622,N#C/C(=C\c1cccs1)C(=O)c1ccccc1,4.0
CHEMBL1332506,O=C1NN(c2ccccc2)C(=O)/C1=C/c1ccc(-c2ccc(C(=O)O)cc2)o1,4.0
CHEMBL1518073,COc1ccc(OC)c(N2C(=O)NC(=O)/C(=C\c3ccc([N+](=O)[O-])s3)C2=O)c1,4.399244850360382
CHEMBL1705201,CCOC(=O)c1c2c(n(-c3ccc(OC)cc3)c1C)C(=O)C(=O)c1ccccc1-2,4.327625021253921
CHEMBL1450570,CCC(=O)Nc1ccc2nc3c(O)nc(S)nc3nc2c1,4.404283380056576
CHEMBL1421193,CC(C)(C)OC(=O)N1CC=C2C(C#N)=C(N)C(C#N)(C#N)[C@H](c3cccnc3)[C@H]2C1,4.0
CHEMBL1577474,O=C(CSc1nc(O)c(Cc2ccccc2)c(O)n1)Nc1nnc(SCc2ccccc2)s1,4.364013888199167
CHEMBL1568643,O=C1Nc2ccc(F)cc2C12Nc1ccccc1-c1nnc(SCc3ccccc3F)nc1O2,4.511026475273492
CHEMBL1308404,O=[N+]([O-])c1c(Nc2ccc(O)cc2)cc(Cl)c2nonc12,4.9821322810364945
CHEMBL1456635,O=C(O)c1ccc(/C=C2\SC(=S)N(Nc3ccccc3)C2=O)cc1,4.2362725962343015
CHEMBL1341762,COC(=O)c1cccc(N2C(=O)C(Cl)=C(N3CCOCC3)C2=O)c1,4.626536278367631
CHEMBL1427750,O=C1NC(=S)N/C1=C/C=C/c1ccccc1,4.0010000277816795
CHEMBL1526855,CC(=O)N(C1=C(Cl)C(=O)c2ccccc2C1=O)C1CCCCC1,4.417028070895194
CHEMBL1499491,COc1ccc(Cl)cc1/C=C1/C(=O)ON=C1C,4.0
CHEMBL1400449,CCCC1=NN(c2ccccc2)C(=O)/C1=C/c1ccc(OCc2ccc(C(=O)O)cc2)cc1,4.915423722065669
CHEMBL1871771,C#CCOc1ccc(/C=C2/C(=O)N(c3ccc(S(N)(=O)=O)cc3)N=C2C)cc1OC,4.0
CHEMBL1360525,O=C(O)c1cc([N+](=O)[O-])c(Sc2nc3ccccc3[nH]2)c([N+](=O)[O-])c1,4.0
CHEMBL1466912,COc1cc(/C=C2/C(=O)NN(c3cccc(C)c3)C2=O)cc([N+](=O)[O-])c1O,4.287939857538925
CHEMBL1584052,CCCc1nc2nc(C)c(NS(=O)(=O)c3ccc(C4CCCCC4)cc3)c(O)n2n1,4.214243200037357
CHEMBL1995904,COc1cc(/C=N\Nc2ccc([N+](=O)[O-])cc2)ccc1OCC(=O)Nc1ccc(C)c(C)c1,4.58070527824654
CHEMBL3199658,O=[N+]([O-])c1ccc(O)c(/C=N/c2ccc3c(c2)OCO3)c1,4.377682339166156
CHEMBL1421256,Cc1nc2ccc(NC(=O)c3cc([N+](=O)[O-])cc([N+](=O)[O-])c3Cl)cc2s1,4.224899501120976
CHEMBL1704904,O=C1CC=C2C3CC4N(CCC45c4cc(O)c(O)cc4N1C25)CC3=CCBr,4.501689446210399
CHEMBL1998302,O=C(O)c1ccc(NC2=C/C(=N/S(=O)(=O)c3ccccc3)c3ccccc3C2=O)cc1,4.767003889607846
CHEMBL1705449,Cc1ccc(S(=O)(=O)N2[C@@H](c3cccc(Cl)c3)C(C(=O)O)=CC[C@H]2c2cccc(Cl)c2)cc1,4.316142794599654
CHEMBL1529471,CC(C(=O)Nc1ccc(O)c(C(=O)O)c1)N1C(=O)/C(=C/c2ccco2)SC1=S,4.0
CHEMBL1381676,CCC1=NN2C(=N)/C(=C\c3ccc(OCc4cc(=O)n5nc(CC)sc5n4)c(OC)c3)C(=O)N=C2S1,4.208379517307186
CHEMBL1316014,Cc1cc(C)c2nc(N3C(=O)C(O)=C(C(=O)c4ccco4)C3c3cccc(O)c3)sc2c1,4.489589051989823
CHEMBL1606907,O=C(CCN1C(=O)/C(=C\c2ccco2)SC1=S)Nc1ccc(C(=O)O)c(O)c1,4.0
CHEMBL1895325,O=C1OC(c2ccccc2)(c2cc(Br)c(O)c(Br)c2)c2ccccc21,4.453087356818758
CHEMBL1724600,Cc1ccc(S(=O)(=O)/N=C2\C=C(NS(=O)(=O)c3ccccc3)C(=O)c3ccccc32)cc1,4.446116973356125
CHEMBL1341870,CC(C)c1nnc(NC(=O)c2nc(S(=O)(=O)Cc3ccccc3)ncc2Cl)s1,4.0
CHEMBL1604350,Cc1ccc(CS(=O)(=O)c2ncc(Cl)c(C(=O)Nc3nnc(C(C)C)s3)n2)cc1,4.0
CHEMBL1421333,O=C(O)CCN1C(=O)/C(=C\c2cccc(Oc3ccccc3)c2)SC1=S,4.426896216836009
CHEMBL1523077,COc1ccc(Br)cc1/C=C/C(=O)NC(=S)Nc1ccc(Cl)c(C(=O)O)c1,4.32910504647979
CHEMBL1467007,CC1=NOC(=O)/C1=C\c1ccc(-c2ccc(Br)cc2C(=O)O)o1,4.69637202361611
CHEMBL1895397,O=C1c2ccccc2C(=O)c2c(/C=C/N3CCCCC3)ccnc21,4.21056031543282
CHEMBL1409603,O=C(NCCCO)c1ccc2nc(-c3ccco3)c(-c3ccco3)nc2c1,4.064391981482131
CHEMBL1577622,O=C(Nc1ccc(Cl)cc1C(=O)O)c1ccc2c(c1)C(=O)N(Cc1ccco1)C2=O,4.334325219006106
CHEMBL3191474,Nc1scc2c(C(=O)N/N=C/c3ccc(Cl)cc3)nn(-c3ccccc3)c(=O)c12,4.150949309430488
CHEMBL1342041,O=S(=O)(Nc1ccc(O)c2ccccc12)c1cccs1,4.203772685970561
CHEMBL1529115,Cc1ccc(NC(=O)C2=C(c3ccccc3)S(=O)(=O)CCS2(=O)=O)cc1,4.0
CHEMBL1499798,CCC(C)(C)C1CCc2c(sc(NC(=O)c3ccccc3C(=O)O)c2C#N)C1,4.370080964496458
CHEMBL1325759,O=C1NC(=O)N(c2ccccc2F)C(=O)/C1=C/c1ccc(Oc2ccc([N+](=O)[O-])cn2)cc1,4.251424383069008
CHEMBL1568333,N=C1/C(=C\c2ccc(OC(=O)c3ccc(F)cc3)cc2)C(=O)N=C2SC(N3CCOCC3)=NN12,4.71602071576152
CHEMBL1421441,CSc1nnc(NC(=O)c2nc(S(=O)(=O)Cc3cccc(C)c3)ncc2Cl)s1,4.351639989019068
CHEMBL1467030,Cc1ccc(-c2csc3nc(SCC(=O)Nc4ccc(Cl)c(C(=O)O)c4)nc(O)c23)cc1,4.431563585583115
CHEMBL1360792,Cc1ccc2nc3cc([N+](=O)[O-])cc([N+](=O)[O-])c3cc2c1,5.006563769502388
CHEMBL3193823,CCCOc1ccc(C(=O)N/N=C/c2ccc(-c3ccc(S(=O)(=O)Nc4ncccn4)cc3)o2)cc1,4.0
CHEMBL3194164,Oc1c(Br)cc(/C=N/n2c(S)nnc2-c2ccccc2)cc1Br,4.561457651213889
CHEMBL1369492,CCc1nnc(NS(=O)(=O)c2ccc(NC(=S)NC(=O)/C=C/c3ccc(C(C)C)cc3)cc2)s1,4.3014645074379985
CHEMBL1467133,CC1=NN(c2ccccc2)C(=O)/C1=C\c1ccc(Oc2ccc([N+](=O)[O-])cc2[N+](=O)[O-])cc1,4.7146677723561154
CHEMBL1400620,Cc1cccc(N2NC(=O)/C(=C/c3ccc(-c4ccc(Cl)c(C(=O)O)c4)o3)C2=O)c1,4.648203693102976
CHEMBL1523343,Fc1cccc(Cl)c1CNc1ccc(N2CCCC2)cc1,4.449038247701824
CHEMBL1378309,CC1(C)CC(=O)C(C(C2=C(O)CC(C)(C)CC2=O)c2cccs2)C(=O)C1,4.33423144928062
CHEMBL1499794,COc1ccc(-c2cc(-c3ccc(Cl)cc3)c(C#N)c(SCC(=O)O)n2)cc1,4.300595918184663
CHEMBL1332481,O=C1CNC(=O)/C1=C/c1ccc(Br)cc1,4.0
CHEMBL1545646,CCOC(=O)c1c(C)oc2c1cc(NS(=O)(=O)c1ccc(C(=O)O)cc1)c1ccccc12,4.131708311982145
CHEMBL1439832,COc1ccccc1/C=C1\SC(=S)N(NS(=O)(=O)c2ccc(C)cc2)C1=O,4.459295216689237
CHEMBL1998566,Cc1ccc(S(=O)(=O)/N=C2/C=C(C3C(=O)CC(C)(C)CC3=O)C(=O)c3ccccc32)cc1,4.994390554639719
CHEMBL1476442,O=C(O)CCc1ccc(-c2ccc(Br)cc2)n1-c1ccc(O)cc1,4.0
CHEMBL1369527,Cc1cc(C)cc(OCCOc2cccc(C=C3C(=O)NC(=O)NC3=O)c2)c1,4.328919767261151
CHEMBL1494334,Br.Cc1nn(CCc2nc(-c3ccco3)cs2)c2nc(O)cc(C(F)(F)F)c12,4.0
CHEMBL1872442,O=C1CC(SC(=S)C2CCCC2=O)C(=O)N1,4.342561677297038
CHEMBL1551808,O=C(O)CCCN1C(=O)/C(=C\C(Cl)=C\c2ccccc2)SC1=S,4.441171475182989
CHEMBL1725519,Cc1ccc(C(=O)Nc2ccccc2C(=O)O)cc1S(=O)(=O)Nc1ccc(Br)cc1,4.303119628317238
CHEMBL1428078,COc1cc(/C=C2/SC(=S)N(CC(=O)O)C2=O)ccc1OC(=O)c1cccs1,4.0539409396148764
CHEMBL3145023,Cc1[nH]n(-c2ccccc2)c(=O)c1N=Nc1ccccc1C(=O)O,4.236497134532403
CHEMBL1612887,C=CCOc1ccc(/C=C2/C(=O)ON=C2C)cc1OCC,4.0
CHEMBL1562359,Cn1nc([N+](=O)[O-])c(C(C#N)c2ccccn2)c(Cl)c1=O,4.577574323628795
CHEMBL1872625,COc1ccc2c(c1)Cc1cc(NC(=O)c3ccccc3-c3ccccc3C(=O)O)ccc1-2,4.334137699796845
CHEMBL1535285,O=C1NN(c2ccccc2)C(=O)/C1=C/c1ccc(-c2ccc(Cl)c(C(=O)O)c2)o1,4.492683959923586
CHEMBL1568897,Cc1cccc(CS(=O)(=O)c2ncc(Cl)c(C(=O)Nc3nnc(C(C)C)s3)n2)c1,4.025672564576383
CHEMBL3197999,Cc1ccc(-c2ccc(/C=N/NC3=NC(=O)C(CC(=O)O)S3)o2)c([N+](=O)[O-])c1,4.052419250695677
CHEMBL1490597,Cc1cc([N+](=O)[O-])ccc1N1C(=O)c2ccc(C(=O)Nc3ccccc3C(=O)O)cc2C1=O,4.167938385409273
CHEMBL1378223,Oc1cc(-n2cccn2)c(O)cc1-n1cccn1,4.101439355060288
CHEMBL1417932,Cc1ccc(OCCOc2cccc(C=C3C(=O)NC(=O)NC3=O)c2)c(C)c1,4.449527042893436
CHEMBL1405684,O=C(O)CN1C(=O)/C(=C\c2cc(Br)ccc2OCc2ccc([N+](=O)[O-])cc2)SC1=S,4.517841304588724
CHEMBL1523512,COc1ccc2c([N+](=O)[O-])c(Cl)[nH]c2c1,4.0
CHEMBL1577907,CC(=O)N(C(C)=O)N1C(=O)C2C3c4ccccc4C(c4ccccc43)C2C1=O,4.269298455718155
CHEMBL1607556,C=CCOc1ccc(/C=C2\SC(=S)N(C(C(=O)O)c3ccccc3)C2=O)cc1,4.39577394691553
CHEMBL1302213,O=C(CS(=O)(=O)c1ccccc1)c1cc2cc(F)ccc2oc1=O,4.0
CHEMBL1506708,CCOc1cc(/C=C(/C#N)c2ccc(Cl)cc2)cc(Cl)c1OCC(=O)O,4.462432742847325
CHEMBL1460695,O=C(O)c1cccc(-n2cccc2/C=C/[N+](=O)[O-])c1,4.270511230820438
CHEMBL1321179,O=C1C(Cl)=C(N2CCOCC2)C(=O)N1c1cccc(Cl)c1,4.865822892423234
CHEMBL2003651,O=C(O)c1ccc(S(=O)(=O)/N=C2\C=C(Nc3ccccc3F)C(=O)c3ccccc32)cc1,4.9503943874050265
CHEMBL1428278,Cc1sc2nc3ccc(NCc4ccco4)nn3c(=O)c2c1C,4.0
CHEMBL1706407,CN(c1ccccc1)c1ccc(/C=C(/CCC(=O)O)c2nc3ccccc3s2)cc1[N+](=O)[O-],4.314347815884475
CHEMBL1596373,COC(=O)c1sc(-c2ccc(C(C)(C)C)cc2)cc1NC(=O)c1ccccc1C(=O)O,4.444421927227045
CHEMBL1706454,Cl.O=C1C(Cl)=C(N2CCN(CCO)CC2)C(=O)c2c(O)ccc(O)c21,5.33913452199613
CHEMBL1535586,COc1ccc(S(=O)(=O)Nc2nc3ccccc3nc2Nc2cccc(C(=O)O)c2)cc1,4.462180904926726
CHEMBL1317077,Cc1ccc([C@@H]2CC=C(C(=O)O)[C@H](c3ccc(C(C)(C)C)cc3)N2S(=O)(=O)c2ccc(C)cc2)cc1,4.399571674267869
CHEMBL1400929,CC(=O)Nc1ccc(S(=O)(=O)Nc2nc3ccccc3nc2Nc2ccc(C(=O)O)c(O)c2)cc1,4.0
CHEMBL1389073,O=C1S/C(=C\c2ccc(O)c([N+](=O)[O-])c2)C(=O)N1c1ccccc1Cl,4.391367010509963
CHEMBL3191758,O=C(O)COc1ccccc1/C=N/NC(=O)c1cc(-c2ccc(Cl)cc2)nc2ccccc12,4.403622856002401
CHEMBL1479103,Oc1cc2c(cc1O)C1c3ccc(O)c(O)c3OCC1(O)C2,4.760450279159527
CHEMBL1321164,COc1cccc(/C=C2\SC(=S)N(C(Cc3ccccc3)C(=O)O)C2=O)c1,4.35261702988538
CHEMBL1726363,O=C1NC(=O)C(=Cc2c(Cl)cccc2Cl)C(=O)N1,4.3623101808815985
CHEMBL8260,O=c1cc(-c2ccccc2)oc2cc(O)c(O)c(O)c12,4.455188088242224
CHEMBL1500035,CCc1ccc(/C=C/C(=O)C2C(=O)c3ccccc3C2=O)cc1,4.202178688635977
CHEMBL1893983,CC1=CC(=O)C(Sc2ccc(C)cc2)=CC1=O,4.840132152907433
CHEMBL1460650,CCOc1ccc(/C=C2\SC(=S)N(NS(=O)(=O)c3ccccc3)C2=O)cc1OC,4.147520006363144
CHEMBL1500165,COc1ccc(NC(S)=NNc2ccc(S(=O)(=O)Nc3ccccc3C(=O)O)cc2[N+](=O)[O-])cc1,4.80271944187438
CHEMBL1496231,COC(CNC(=O)c1ccc2c3c(onc13)-c1ccccc1C2=O)OC,5.330683119433888
CHEMBL1707040,CN(C)c1c([N+](=O)[O-])cc(N2C(=O)C=CC2=O)cc1[N+](=O)[O-],4.95506845385084
CHEMBL1726134,O=C1C(=C(I)I)c2ccccc2-c2ccccc21,4.537302591898283
CHEMBL1535670,COc1ccc(S(=O)(=O)CC(=O)c2cc3cccc(C)c3oc2=O)cc1,4.1073489661227
CHEMBL1568915,C/C(=C/CCC(C)[C@H]1CC[C@@]2(C)C3=C(CC[C@]12C)[C@@]1(C)CCC(=O)C(C)(C)[C@@H]1CC3)C(=O)O,4.3198458582656265
CHEMBL1382399,COC(=O)C1=C(C(=O)OC)C(c2cc(Br)ccc2O)c2sc(O)nc2S1,4.0885227828938975
CHEMBL1302328,Cc1cc(C(=O)O)ccc1-c1ccc(/C=C2\NC(=O)N(Cc3ccc(F)cc3)C2=O)o1,4.0
CHEMBL1321103,O=C(O)CCn1cc(C=C2C(=O)NC(=S)NC2=O)c(-c2ccccc2)n1,5.116338564846382
CHEMBL1584752,CCOC(=O)C1=C(Cc2ccc(F)cc2)C(=O)c2ccccc2C1=O,4.063486257521107
CHEMBL1569215,O=C1NN(c2ccc(Cl)cc2)C(=O)/C1=C\c1ccc(-c2cccc(C(=O)O)c2)o1,4.111876692702092
CHEMBL1338698,O=C1NC(=O)C(=Cc2cccc(OCCOc3ccccc3)c2)C(=O)N1,4.2910694641933835
CHEMBL1326252,O=C(O)c1cccc(NS(=O)(=O)c2ccc(-c3ccc(S(=O)(=O)Nc4cccc(C(=O)O)c4)cc3)cc2)c1,4.305658089635819
CHEMBL1484283,CCCn1nc(NS(=O)(=O)c2cccc3nonc23)c2cc3cccc(C)c3nc21,4.400116927926312
CHEMBL1428507,CSc1nnc(NC(=O)c2nc(S(=O)(=O)Cc3ccc(C)cc3)ncc2Cl)s1,4.3924377568164115
CHEMBL1496458,CCCCC1=CC2=CC(=O)C(C)(OC(=O)CC)C(=O)C2=CN1Cc1ccc(OC)cc1,4.0
CHEMBL1457048,O=C(O)COc1ccc(/C=C/C(=O)c2ccc(C3CCCCC3)cc2)cc1,4.321845961989562
CHEMBL562949,O=C(O)c1ccc2c(c1)C(=O)/C(=C/c1ccccc1)C2=O,4.912573542963714
CHEMBL1873953,O=[N+]([O-])c1cc2ccccc2c(O)c1O,5.108462542327436
CHEMBL3145176,Cc1nn(-c2ccc(F)cc2)c(O)c1C(c1cccc(O)c1)c1c(C)[nH]n(-c2ccc(F)cc2)c1=O,4.255550542553202
CHEMBL1428688,COc1ccccc1/C=C1\SC(=S)N(C(C(=O)O)c2ccccc2)C1=O,4.408045444953265
CHEMBL1302460,Cc1ccc(NC(=O)C(=Cc2ccc(C(=O)O)cc2)C(=O)Nc2ccc(C)cc2C)c(C)c1,4.0
CHEMBL1366252,CC(=O)Oc1c(Br)cc(N(C(C)=O)S(=O)(=O)c2ccccc2)c2ccccc12,4.302770657240282
CHEMBL1500266,COc1ccccc1/C=C1\SC(=S)N(NS(=O)(=O)c2ccccc2)C1=O,4.440931665965463
CHEMBL1484379,C=CCOc1ccc(/C=C2\SC(=S)N(NS(=O)(=O)c3ccccc3)C2=O)cc1,4.517412230473233
CHEMBL1578127,Cc1ccc(N2C(=O)/C(=C\Nc3ccccc3-c3nnc(S)nc3O)c3ccccc3C2=O)cc1C,4.502103257086779
CHEMBL1448387,Oc1cc2c(cc1O)[C@H]1c3ccc(O)c(O)c3OC[C@@]1(O)C2,4.647046088289912
CHEMBL1590513,O=C(O)c1cc([N+](=O)[O-])c(Nc2cccc3ccccc23)c([N+](=O)[O-])c1,4.1888943929820694
CHEMBL1372964,COc1ccc2c(c1OC)C(=O)OC2c1c(O)n(Cc2ccc(F)cc2)c(=O)[nH]c1=O,4.156518056960042
CHEMBL1514916,CC(C)c1cc2c(c(O)c1O)[C@@]13CCCC(C)(C)C1CC2OC3=O,4.07350321072678
CHEMBL1535633,CCOc1ccc(N2C(=O)NC(=O)/C(=C\c3cc(OC)c(OC)cc3[N+](=O)[O-])C2=O)cc1,4.558776325757387
CHEMBL1467719,O=C(O)CCn1cc(C=C2C(=O)NC(=S)NC2=O)c(-c2cccc(Cl)c2)n1,4.961379838050298
CHEMBL1707443,Oc1c(CN2CCOCC2)cc(CN2CCOCC2)c(O)c1O,4.816730156317195
CHEMBL1557914,CC(=O)Oc1ccc(/C=C2/C(=O)N(c3ccccc3)N=C2C)cc1,4.251889532505016
CHEMBL1707215,O=C(c1ccccc1NS(=O)(=O)c1ccc([N+](=O)[O-])cc1[N+](=O)[O-])N1O[C@@H]2C=C[C@H]1C2,4.343231220733983
CHEMBL1349290,CC(C(=O)Nc1ccc(O)c(C(=O)O)c1)N1C(=O)/C(=C/c2cccs2)SC1=S,4.386158178123931
CHEMBL1539338,Cc1ccc(N2NC(=O)/C(=C/c3ccc(-c4ccc(Cl)c(C(=O)O)c4)o3)C2=O)cc1C,4.101823516502323
CHEMBL1546228,O=C1C=CC(=NNc2ccccc2)C=CC1=O,4.039814723395389
CHEMBL1467623,Cc1c(CCC(=O)O)c(=O)oc2c(C)c(OCc3cc4c(cc3Cl)OCO4)ccc12,4.286761538454338
CHEMBL1569134,COc1ccc(N2C(=O)C(Cl)=C(N3CCOCC3)C2=O)cc1,4.4805658050862975
CHEMBL3392068,N#Cc1c(N)sc(=S)c2c1CCCC2,4.041914151478915
CHEMBL393834,COc1ccccc1Nc1ccc2c(O)cc(S(=O)(=O)O)cc2c1,4.218460031394058
CHEMBL1707222,COC1=C(Br)C(=O)c2nc(C)ccc2C1=O,5.423658649794207
CHEMBL1578345,O=C(COc1cccnc1[N+](=O)[O-])c1ccc(Cl)s1,4.0
CHEMBL1562723,CCOc1cc(/C=C2/SC(=S)N(CC(=O)O)C2=O)ccc1OC(=O)c1cccs1,4.249645911237292
CHEMBL1382439,O=C(CCN1C(=O)S/C(=C/c2ccccc2)C1=O)Nc1ccc(O)c(C(=O)O)c1,4.038151940981676
CHEMBL1372836,CCc1nnc(NS(=O)(=O)c2ccc(NC(=S)NC(=O)/C=C/c3ccc(F)cc3)cc2)s1,4.405607449624573
CHEMBL1302524,CC(=O)N(C1=C(Cl)C(=O)c2ccccc2C1=O)c1ccc(C(=O)O)cc1,5.229884705212898
CHEMBL1428710,COc1ccccc1N1C(=O)NC(=O)/C(=C\c2cnn(-c3ccccc3)c2)C1=O,4.0
CHEMBL1412785,O=C1NC(=O)N(c2ccccc2)C(=O)/C1=C\c1ccccc1[N+](=O)[O-],4.4146520889054095
CHEMBL1546134,CC1=NNC(=O)/C1=C\c1cn(-c2ccccc2)nc1-c1cccs1,4.0
CHEMBL1546136,Cc1cccc(NC(=O)CSc2nnc(-c3ccco3)c(-c3ccco3)n2)c1C,4.016283526086251
CHEMBL1562843,Cc1cc(N2C(=O)C(O)=C(C(=O)c3ccco3)C2c2cccc(Oc3ccccc3)c2)no1,4.189633046318375
CHEMBL1479624,O=C(O)c1ccc(Nc2nc3ccccc3nc2NS(=O)(=O)c2ccc(F)cc2)cc1,4.603626272463494
CHEMBL118175,C/C(=N/Nc1ccc(C(=O)O)cc1)c1ccc(O)c(O)c1O,4.0
CHEMBL1418191,COc1ccc(C)cc1NC(=O)c1ccccc1NS(=O)(=O)c1ccc(Cl)s1,4.306888884537859
CHEMBL1467893,CCOc1ccc(-n2c(=S)sc3c(O)nc(SCC(=O)C(C)(C)C)nc32)cc1,4.26616099930285
CHEMBL1422185,CN1C(=O)/C(=C/c2cccc([N+](=O)[O-])c2)C(=O)N1c1ccccc1,4.580870692258024
CHEMBL179574,O=C(O)/C(=C\c1c(C(=O)O)[nH]c2cc(Cl)cc(Cl)c12)c1ccccc1,4.122110574628516
CHEMBL1578299,O=C1NC(=O)C(=Cc2ccc(-c3ccccc3[N+](=O)[O-])o2)C(=O)N1,4.748848656824645
CHEMBL1342821,Cl.Oc1ccc(-c2csc(Nc3cccc4ccccc34)n2)cc1O,4.0
CHEMBL1566266,Cc1ccccc1NC(=O)CSc1nnc(-c2ccco2)c(-c2ccco2)n1,4.189095719331299
CHEMBL1389299,O=C1N=C(NS(=O)(=O)Cc2ccccc2)S/C1=C1\C(=O)Nc2ccccc21,4.2877713303804645
CHEMBL1553837,O=C1c2ccccc2C(=O)c2c1cccc2N(CCO)CCO,4.540456741719587
CHEMBL1607675,CCOC(=O)c1c(NC(=O)C2C3C=CC(C3)C2C(=O)O)sc2c1CCC(CC)C2,4.372224624770697
CHEMBL1322995,CCc1nnc(NC(=O)c2nc(S(=O)(=O)Cc3ccc(C)cc3)ncc2Cl)s1,4.0
CHEMBL1610025,CCC(=O)OCCNc1cc(Sc2nc3ccccc3s2)c2nonc2c1[N+](=O)[O-],4.528708288941061
CHEMBL1422340,CC1=NN(C(N)=S)C(=O)C1N=Nc1c(Br)cc(Br)cc1Br,4.361810359809163
CHEMBL1271266,O=S(=O)(O)c1cc(O)c2cc(Nc3ccccc3)ccc2c1,4.711974464611637
CHEMBL1707907,CCC(c1ccccc1)C(CC)c1cc(O)c(O)c(O)c1,4.404503778174426
CHEMBL1349629,Nc1nc2ncc(C(=O)c3cc(Cl)cc(Cl)c3O)cc2s1,4.0
CHEMBL1585191,O=C1ON=C(c2ccccc2)/C1=C/c1ccc(-c2ccccc2[N+](=O)[O-])o1,4.936291440608582
CHEMBL1558051,COc1ccc(/C=C2\C(=O)ON=C2c2ccccc2)cc1OC,4.020269569337715
CHEMBL1309568,Cc1ccc(N2NC(=O)/C(=C\c3cc4c(cc3[N+](=O)[O-])OCO4)C2=O)cc1C,4.567832730557412
CHEMBL1349676,COC(=O)CCC(=O)OC1(C)C(=O)C2=CN(CCCOC(C)C)C(c3ccc(OC)cc3)=CC2=C(Br)C1=O,4.702896349850744
CHEMBL1507443,COc1ccc(-c2csc(NC(=O)c3ccccc3Br)c2C(=O)O)cc1,4.128368695462447
CHEMBL1496782,O=C1NC(=O)C(=Cc2coc3ccc(O)cc3c2=O)C(=O)N1,4.0
CHEMBL1373316,C=CS(=O)(=O)c1sc(Cl)c(N2CCOCC2)c1[N+](=O)[O-],4.958607314841775
CHEMBL3144999,Cc1[nH]n(-c2ccccc2)c(=O)c1C(c1ccc([N+](=O)[O-])cc1)c1c(C)[nH]n(-c2ccccc2)c1=O,4.478861916295964
CHEMBL1728065,CN(C)c1ccc(Cc2cc3c(O)ccc(O)c3cc(Cc3ccc(N(C)C)cc3)c2=O)cc1,4.355659901173677
CHEMBL1361582,O=C1Nc2ccc(Br)cc2/C1=C1/SC(=S)N(NS(=O)(=O)c2ccccc2)C1=O,4.6272720591144045
CHEMBL1382760,CC(=O)c1cc(O)c2ccccc2c1O,4.5269511949114625
CHEMBL1479843,C#CCOc1ccc(/C=C2/C(=O)ON=C2C)cc1Br,4.093287943057036
CHEMBL1578670,O=S(=O)(O)c1cccc2c(N=Nc3ccc(O)c4ncccc34)cccc12,4.4579218536643745
CHEMBL1895726,O=C1c2ccccc2C(O)(c2ccccc2)N1c1ccc([N+](=O)[O-])cc1Cl,4.215953584191887
CHEMBL3196706,N#C/C(=C\c1ccc(C#N)cc1)C(=O)c1ccccc1,4.0
CHEMBL210208,O=c1ccc2c(-c3ccccc3S(=O)(=O)O)c3ccc(O)c(O)c3oc-2c1O,5.391473966422806
CHEMBL1708363,Cc1cc(O)c(C(C)C)cc1N=Cc1ccc([N+](=O)[O-])cc1,4.0455162828444475
CHEMBL1968273,Oc1c(Br)cc(Br)c(/C=N/n2c(S)nnc2-c2ccccc2)c1Br,4.746177561291927
CHEMBL1608106,O=C(O)CCn1cc(/C=C/C(=O)c2ccc(Cl)cc2)c(-c2cccc(Br)c2)n1,4.280420142286276
CHEMBL1326643,CCCCCCSc1nc(O)c(C2OC(=O)c3c2ccc(OC)c3OC)c(=O)n1-c1ccccc1,4.5201368869769025
CHEMBL1496732,CCc1ccc(CNc2ccc(O)cc2)cc1,4.0
CHEMBL1728361,Oc1cc(CNC2CCCCC2)c(O)cc1CNC1CCCCC1,4.562566556202029
CHEMBL1382785,O=C(O)c1ccccc1NS(=O)(=O)c1ccc(NN=C(S)Nc2ccc(OC(F)F)cc2)c([N+](=O)[O-])c1,4.732124580681102
CHEMBL1562987,O=C(CCN1C(=O)S/C(=C\c2ccccc2)C1=O)Nc1ccc(S(=O)(=O)Nc2nccs2)cc1,4.0
CHEMBL1389785,O=C(Nc1cc(S(=O)(=O)N2CCOCC2)ccc1O)c1ccc2c(c1)S(=O)(=O)c1ccccc1C2=O,4.304255724802677
CHEMBL1968789,C=CC/N=c1\scc(-c2ccco2)n1/N=C/c1ccc(O)c(O)c1O,4.076807809579332
CHEMBL1349793,CCCCCCn1c(=O)c(-c2ccccc2)c(O)c2ccccc21,4.158765704493959
CHEMBL2021431,CC1=CC(=O)C(C(C)C)=C/C1=C(\c1cc(C(C)C)c(OP(=O)([O-])[O-])cc1C)c1ccccc1C(=O)O.[Na+].[Na+],4.476773958034299
CHEMBL1412968,CN1C(=O)C(=Cc2ccccc2Oc2ccc(Cl)cc2)C(=O)N(C)C1=O,4.381742655159599
CHEMBL1558183,CCN(CC)c1ccc(N=C2C(=O)Nc3ccccc32)cc1,4.0
CHEMBL3198496,C/N=c1\scc(-c2cccs2)n1/N=C/c1ccc(O)c(O)c1O,4.150580586203101
CHEMBL1370025,Cc1ccc(S(=O)(=O)NN2C(=O)/C(=C/c3ccc(C(=O)O)cc3)SC2=S)cc1,4.187621488845806
CHEMBL1969088,CCOC(=O)c1c(/N=C/c2cccc([N+](=O)[O-])c2O)sc(C)c1C,4.113058294016585
CHEMBL3198976,CSc1nnc(-c2ccccc2/N=C/c2c(C)nn(-c3ccc4ccccc4c3)c2O)c(O)n1,4.425621435586917
CHEMBL1608255,CC1(C)CC[C@]2(C(=O)O)CC[C@]3(C)C(=CC[C@@H]4[C@@]5(C)CC[C@H](O[C@@H]6O[C@H](C(=O)O)[C@@H](O)[C@H](O[C@@H]7OC[C@H](O)[C@H](O)[C@H]7O)[C@H]6O)C(C)(C)[C@@H]5CC[C@]43C)[C@@H]2C1,4.509199047989145
CHEMBL1969672,Cc1cc(C)c(S(=O)(=O)/N=C2/C=C(SCC(=O)O)C(=O)c3ccccc32)cc1C,4.0
CHEMBL1500942,O=C(O)c1ccc(Cl)c(S(=O)(=O)Nc2ccccc2C(=O)Nc2ccc(Cl)cc2)c1,4.46864883541694
CHEMBL1448709,CC(/C=C1\SC(=S)N(C(C(=O)O)C(C)C)C1=O)=C\c1ccccc1,4.465085895570133
CHEMBL1601846,O=c1oc2c(cc1O)oc(=O)c1cc(O)c(O)c(O)c12,4.0
CHEMBL1728280,COC1=CC(=O)c2c(ccc3ncnc(N)c23)C1=O,4.205093893483196
CHEMBL1708852,Cc1ccc(S(=O)(=O)Nc2ccc3ccccc3c2[N+](=O)[O-])cc1,4.499351936628088
CHEMBL1349850,Cc1ccccc1N1C(=O)C(Cl)=C(N2CCOCC2)C1=O,4.35991626862688
CHEMBL1790039,CCN(CC)c1ccc(C(=C2C=CC(=[N+](CC)CC)C=C2)c2ccccc2)cc1.O=S(=O)([O-])O,4.604673606930649
CHEMBL3190974,Cc1cc(SCC(=O)N/N=C/c2ccc(O)c(O)c2O)c(C)cc1Br,4.758204568704802
CHEMBL1302957,O=C(O)CN1C(=O)/C(=C2\C(=O)N(Cc3ccccc3Cl)c3ccccc32)SC1=S,4.549596913844634
CHEMBL1382968,O=C1/C(=C2\C(=O)N(Cc3ccc(F)cc3)c3ccccc32)SC(=S)N1CCS(=O)(=O)O,4.488116639021126
CHEMBL63883,COc1ccc(NC(=O)c2cc3ccccc3cc2O)cc1,4.0
CHEMBL1321664,CC1=NN(c2ccccc2)C(=O)/C1=C/c1ccc(Cl)cc1,4.413637776692134
CHEMBL1324674,Cc1ccc(SCc2n[nH]c3c2C(c2ccc(C)o2)C(C#N)=C(N)O3)cc1,4.0
CHEMBL495852,CCC(C)CCCCCCCCCCC(=O)O,4.376440609994563
CHEMBL1507776,C#CCOc1ccc(/C=C2/C(=O)N(c3cccc(C(=O)O)c3)N=C2C)cc1OC,5.0746879085003505
CHEMBL1536153,Cc1ccc(NC(=O)c2cccc(C(=O)Nc3ccc(C)cc3C(=O)O)c2)c(C(=O)O)c1,4.651889931519762
CHEMBL1601789,O=C(O)COc1ccc(Br)cc1/C=C1\C(=O)Nc2ccc(Br)cc21,4.532836034030909
CHEMBL1429320,Cc1ccc(CSc2nnc3c(n2)OC2(Nc4ccccc4-3)C(=O)Nc3ccc(F)cc32)cc1,4.602929450040591
CHEMBL3192179,O=C(CCc1ccc(S(=O)(=O)N2CCOCC2)cc1)N/N=C/c1ccc(O)c(O)c1O,4.2901366825596
CHEMBL1563172,CSc1nc(N)c(N=Nc2ccc([As](=O)(O)O)cc2)c(O)n1,4.241693818274693
CHEMBL1479899,CCc1c(C)sc(NC(=O)OC)c1C(=O)N1CCCCC1,4.0
CHEMBL1317919,CCc1nnc(NC(=O)c2nc(S(=O)(=O)Cc3cccc(C)c3)ncc2Cl)s1,4.0
CHEMBL1613608,O=C(O)c1ccc(NS(=O)(=O)c2ccc3c(c2)C(=O)c2cc(S(=O)(=O)Nc4ccc(C(=O)O)cc4)ccc2-3)cc1,4.018136109008649
CHEMBL1339158,Cc1cccc(NC(=O)c2cc(NC(=O)C3CCCCC3C(=O)O)ccc2N2CCCCC2)c1,4.42423501946328
CHEMBL1484839,O=C1Nc2ccc(F)cc2C12Nc1ccccc1-c1nnc(SCc3ccccc3)nc1O2,4.335358024443875
CHEMBL3193639,Cc1c(/N=C2\C=CC(=O)c3ccccc32)c(=O)n(-c2ccccc2)n1C,4.052615298315259
CHEMBL1972037,NS(=O)(=O)c1ccc(N/N=C/c2ccc(O)c(O)c2O)c([N+](=O)[O-])c1,5.338187314462739
CHEMBL1578997,O=C(O)c1ccc(NC2=C(Cl)C(=O)c3ccccc3C2=O)cc1,5.110138278741812
CHEMBL1271764,CN1CCN(C2=C(Cl)C(=O)N(c3ccc(Cl)c(Cl)c3)C2=O)CC1,4.772370350428991
CHEMBL1383141,CCC(C(=O)O)N1C(=O)/C(=C/C(C)=C/c2ccccc2)SC1=S,4.422968014373969
CHEMBL1422763,CCCC1=NN(c2ccccc2)C(=O)/C1=C\c1ccc(OCc2ccc(C(=O)O)cc2)cc1,4.991825815993574
CHEMBL1383256,O=C(O)c1ccc(Cl)c(S(=O)(=O)Nc2ccc(S(=O)(=O)Nc3cccc(Cl)c3)cc2)c1,4.1825668558886155
CHEMBL1350220,CCn1c(SC)nc(=O)c(C(c2ccc(OC)c(O)c2)c2c(O)n(CC)c(SC)nc2=O)c1O,4.301377570297902
CHEMBL1461619,O=C1NC(=O)N(c2ccc3c(c2)OCO3)C(=O)/C1=C\c1ccc(-c2ccccc2C(=O)O)o1,4.0
CHEMBL1310138,CSc1nc(S)c2[nH]c(S)nc2n1,4.513711239039433
CHEMBL1519313,O=C(O)CC1OCC=C2CN3CCC45C6=CC(=O)C(O)=C([N+](=O)[O-])C6=NC4C1C2CC35,4.0
CHEMBL1333250,O=C(O)c1ccccc1NS(=O)(=O)c1cccc(-n2sc3ccccc3c2=O)c1,4.3331077889334635
CHEMBL1422732,COc1cc(C=C2C(=O)NC(=O)NC2=O)ccc1OS(=O)(=O)c1ccccc1[N+](=O)[O-],4.423658649794207
CHEMBL3209440,COc1ccc(/N=c2\oc3c(OC)cccc3cc2C(=O)NCc2ccco2)c(OC)c1,4.389446294682905
CHEMBL3144974,COc1cccc(C(c2c(C)[nH]n(-c3ccccc3)c2=O)c2c(C)[nH]n(-c3ccccc3)c2=O)c1OC,4.213958789757446
CHEMBL1310036,Nc1cccc2c1C(=O)N(C(=O)/C=C/c1cccc(F)c1)C2=O,4.0
CHEMBL1899341,O=S(=O)(N=C1C=CC(=NS(=O)(=O)c2ccccc2)c2ccccc21)c1ccccc1,4.718058066559175
CHEMBL1329974,O=C(O)CSc1cc(NS(=O)(=O)c2cccc([N+](=O)[O-])c2)c2ccccc2c1O,5.267606240177032
CHEMBL1501132,COCCNC(=O)Nc1ccc2nc(-c3ccco3)c(-c3ccco3)nc2c1,4.553773598221837
CHEMBL1373937,CC(CCc1sccc1N=Nc1c(O)ccc2ccccc12)CC(=O)O,4.371713268910486
CHEMBL246448,Cc1ccc(-c2nc3ccc(C(=O)O)cc3nc2-c2ccc(C)cc2)cc1,4.257510535418225
CHEMBL1303426,Cc1c(Nc2cc(Cl)c3nonc3c2[N+](=O)[O-])c(=O)n(-c2ccccc2)n1C,4.668775218979268
CHEMBL3198927,C=CCOc1ccccc1/C=c1\sc2nc(=O)c(C)nn2c1=O,4.9179330657148865
CHEMBL1327017,O=C(Nc1cc(C(=O)Nc2ccccc2C(=O)O)cc(C(=O)Nc2ccccc2C(=O)O)c1)c1ccccc1,4.896880746454286
CHEMBL1585923,COc1cc(/C=C2\C(=O)N(c3ccc(S(N)(=O)=O)cc3)N=C2C)ccc1OC(=O)c1ccco1,4.135666944966607
CHEMBL1401639,COc1cc(C2C(C#N)=C(N)OC3=C2C(=O)CC(C)(C)C3)c([N+](=O)[O-])cc1OC,4.0
CHEMBL1448985,O=C(NCCc1ccccc1)c1ccc2nc(-c3ccco3)c(-c3ccco3)nc2c1,4.22826557461323
CHEMBL1519374,O=C1C(Cl)=C(Nc2ccc3c[nH]nc3c2)C(=O)c2ccccc21,4.729321163855293
CHEMBL1540372,CC1(C)CC(=O)C(=Cc2cn(CCC#N)nc2-c2ccc(Cl)cc2)C(=O)C1,4.497436330892636
CHEMBL1729300,COC1=C(OC)C(=O)C(Sc2ccc3ccccc3c2)=CC1=O,5.293282217663241
CHEMBL1390246,C=CCN1C(=O)NC(=O)/C(=C\c2ccc(-c3ccccc3[N+](=O)[O-])o2)C1=O,4.5982549177629375
CHEMBL1540330,CCOC(=O)c1c(NC(=O)/C=C/C(=O)O)sc(C)c1-c1ccc(C)c(C)c1,4.124186611160242
CHEMBL1374226,CCOC(=O)c1c(-c2ccc(-c3ccccc3)cc2)csc1NC(=O)C1C2CCC(O2)C1C(=O)O,4.528561592610701
CHEMBL1468800,O=C(O)COc1ccccc1C(Nc1ccccn1)c1cc(Cl)c2cccnc2c1O,4.363612414186844
CHEMBL1373248,CC(/C=C1\SC(=S)N(C(C(=O)O)c2ccccc2)C1=O)=C\c1ccccc1,4.414088289680566
CHEMBL1569472,Cc1oc2cc([N+](=O)[O-])c(O)c([N+](=O)[O-])c2c1C(=O)c1ccc(Br)cc1,4.344381416458778
CHEMBL1256915,CN1CC[C@@]2(C)c3cc(O)ccc3N(C)[C@@H]12.O=C(O)/C=C/C(=O)O,4.649364391741045
CHEMBL1524427,COC(=O)c1c(C)c2c(C)cc3ccccn3c-2c1C(=O)OC,4.0
CHEMBL1413719,COc1cccc(/C=C2\SC(=S)N(NS(=O)(=O)c3ccc(C)cc3)C2=O)c1OC,4.441771578196675
CHEMBL1445765,COc1ccc2nc(N3CCC(O)CC3)c(C#N)cc2c1,4.22767829327708
CHEMBL1374123,Cc1cc(N2C(=O)C(O)=C(C(=O)c3ccc(C)o3)C2c2ccc(OCc3ccccc3)cc2)no1,4.0
CHEMBL1898246,CCOc1ccc(NS(=O)(=O)c2ccc(Cl)c(NN=C3C(=O)NC(=S)NC3=O)c2)cc1Br,4.3554629422215925
CHEMBL1570267,O=C(O)c1cc(/C=C/C(=O)c2cc(F)ccc2O)c2c(c1)COCO2,4.0
CHEMBL1710429,Cc1[nH]c2ccccc2c1C1=CC(=O)C=CC1=O,4.751291264399082
CHEMBL285527,O=S(=O)(O)c1cccc2cccc(Nc3ccccc3)c12,4.0
CHEMBL3145192,Cc1[nH]n(-c2ncc(-c3ccccc3)s2)c(=O)c1C(c1ccc(Br)cc1)C(C#N)C#N,4.650916831220409
CHEMBL1563370,CC(C)C1Nc2c(O)cc(Cl)c([N+](=O)[O-])c2C2C=CCC21,4.161906861554401
CHEMBL4483351,CC[C@H](C)[C@@H]1NC(=O)[C@H](CC(N)=O)NC(=O)[C@H](C(C)C)NC(=O)[C@H](CC(C)C)NC(=O)[C@H]([C@@H](C)O)NC(=O)[C@H](CC(N)=O)NC(=O)[C@H](Cc2ccc(OC)cc2)N(C)C(=O)[C@H]([C@@H](C)CC)NC(=O)[C@H](CCCCN)NC(=O)[C@H](Cc2c[nH]c3ccccc23)NC(=O)[C@H](Cc2ccc(O)cc2)NC(=O)CSC[C@@H](C(N)=O)NC1=O,5.0
CHEMBL4452943,COc1ccc(C[C@H]2C(=O)N[C@@H](CCCCN)C(=O)N(C)[C@@H](Cc3ccccc3)C(=O)N[C@@H](CCCCN)C(=O)N(C)[C@@H](CO)C(=O)N(C)[C@@H](Cc3ccc(OC)cc3)C(=O)N[C@@H](CCCCN)C(=O)N(C)[C@@H](Cc3ccc(OC)cc3)C(=O)N(C)[C@@H](Cc3ccc(OC)cc3)C(=O)N[C@@H](CCCCN)C(=O)N[C@H](C(N)=O)CSCC(=O)N[C@@H](Cc3ccc(O)cc3)C(=O)N2C)cc1,5.769551078621726
CHEMBL4555617,COc1ccc(C[C@H]2C(=O)N[C@@H](Cc3ccccc3)C(=O)N[C@H](C(N)=O)CSCC(=O)N[C@@H](Cc3ccc(O)cc3)C(=O)N[C@@H]([C@@H](C)O)C(=O)N[C@@H](CC(N)=O)C(=O)N[C@@H](Cc3ccccc3)C(=O)N[C@@H](Cc3ccc(O)cc3)C(=O)N[C@@H](CC(C)C)C(=O)N[C@@H](Cc3ccc(O)cc3)C(=O)N3CCC[C@H]3C(=O)N[C@@H](Cc3ccc(O)cc3)C(=O)N2C)cc1,4.698970004336019
CHEMBL4454475,CC[C@H](C)[C@@H]1NC(=O)CN(C)C(=O)[C@H](Cc2ccc(O)cc2)NC(=O)CSC[C@@H](C(N)=O)NC(=O)[C@@H]2CCCN2C(=O)[C@H]([C@@H](C)CC)NC(=O)[C@H](Cc2ccc(OC)cc2)N(C)C(=O)[C@H](Cc2ccc(OC)cc2)N(C)C(=O)[C@H](CC(N)=O)NC(=O)[C@H](Cc2ccc(O)cc2)NC(=O)[C@H](CCCCN)NC(=O)[C@H](C)NC1=O,4.698970004336019
CHEMBL4589938,CC(C)C[C@@H]1NC(=O)[C@H]([C@@H](C)O)NC(=O)[C@H](Cc2ccc(O)cc2)NC(=O)CSC[C@@H](C(N)=O)NC(=O)[C@H](Cc2ccccc2)NC(=O)[C@H](Cc2ccccc2)NC(=O)[C@H]([C@@H](C)O)NC(=O)CN(C)C(=O)[C@H](CC(N)=O)NC(=O)[C@H](Cc2cnc[nH]2)NC(=O)[C@H](Cc2ccccc2)NC(=O)[C@@H]2CCCN2C1=O,4.698970004336019
CHEMBL4538618,CC[C@H](C)[C@@H]1NC(=O)[C@H](C)NC(=O)[C@@H](Cc2ccc(O)cc2)NC(=O)CSC[C@@H](C(N)=O)NC(=O)[C@H](CC(N)=O)NC(=O)[C@H](CC(C)C)N(C)C(=O)[C@H](Cc2ccc(O)cc2)NC(=O)[C@H](CCCCN)NC(=O)[C@H](CC(N)=O)NC(=O)[C@H](Cc2ccc(O)cc2)NC(=O)[C@H](Cc2ccc(OC)cc2)N(C)C(=O)[C@H]([C@@H](C)CC)NC1=O,4.698970004336019
CHEMBL4440832,O=C(Nc1nc2cc(O)c(O)cc2s1)c1ccccc1Oc1ccc2cc(O)ccc2c1,5.376750709602099
CHEMBL3344303,N=C(N)Nc1ccc(OC(=O)c2ccc(NC(=N)N)cc2)cc1,4.841637507904751
CHEMBL506092,N=C(N)NCCC[C@@H](C=O)NC(=O)[C@H](CCCCN)NC(=O)[C@H](CCCCN)NC(=O)Cc1ccc(-c2ccccc2)cc1,4.913640169325252
CHEMBL4437334,O=C1C=C/C(=N/Nc2ccc([N+](=O)[O-])cc2Cl)C=C1C(=O)Nc1cccc(Cl)c1,5.7447274948966935
CHEMBL4569882,COc1ccc(/C=C\c2cc(OC)c(OC)c(OC)c2)cc1NC(=O)[C@H](CCCNC(=N)N)NC(=O)[C@@H](N)CCCNC(=N)N,5.200659450546418
CHEMBL4518162,COc1ccc(/C=C\c2cc(OC)c(OC)c(OC)c2)cc1NC(=O)[C@H](CO)NC(=O)[C@H](CCCNC(=N)N)NC(=O)[C@H](CCCNC(=N)N)NC(=O)c1ccccc1,4.6020599913279625
CHEMBL4527753,N=C(N)NCCC[C@H](NC(=O)c1ccccc1)C(=O)N[C@@H](CCCCN)C(=O)N[C@@H]1CN(c2ccccc2)C1=O,4.752026733638194
CHEMBL4435541,N=C(N)NCCC[C@H](NC(=O)c1ccccc1)C(=O)N[C@@H](CCCCN)C(=O)N[C@@H](C(=O)N[C@H]1CN(c2ccccc2)C1=O)c1ccc(OCc2ccccc2)cc1,5.638272163982407
CHEMBL4545602,Cc1ccc(N2C[C@@H](NC(=O)[C@H](NC(=O)[C@H](CCCCN)NC(=O)[C@H](CCCNC(=N)N)NC(=O)c3ccccc3)c3ccc(OCc4ccccc4)cc3)C2=O)cc1,4.798602875679548
CHEMBL4568434,Cc1ccc(N2C[C@H](NC(=O)[C@H](NC(=O)[C@H](CCCCN)NC(=O)[C@H](CCCNC(=N)N)NC(=O)c3ccccc3)c3ccc(OCc4ccccc4)cc3)C2=O)cc1,5.568636235841013
CHEMBL4452870,Cc1cccc(N2C[C@@H](NC(=O)[C@H](NC(=O)[C@H](CCCCN)NC(=O)[C@H](CCCNC(=N)N)NC(=O)c3ccccc3)c3ccc(OCc4ccccc4)cc3)C2=O)c1,4.785156151952302
CHEMBL4462164,Cc1cccc(N2C[C@H](NC(=O)[C@H](NC(=O)[C@H](CCCCN)NC(=O)[C@H](CCCNC(=N)N)NC(=O)c3ccccc3)c3ccc(OCc4ccccc4)cc3)C2=O)c1,5.552841968657781
CHEMBL4576745,N=C(N)NCCC[C@H](NC(=O)c1ccccc1)C(=O)N[C@@H](CCCCN)C(=O)N[C@@H](C(=O)N[C@H]1CN(c2ccc(F)cc2)C1=O)c1ccc(OCc2ccccc2)cc1,5.6020599913279625
CHEMBL4561419,N=C(N)NCCC[C@H](NC(=O)c1ccccc1)C(=O)N[C@@H](CCCCN)C(=O)N[C@@H](C(=O)N[C@@H]1CN(c2cccc(F)c2)C1=O)c1ccc(OCc2ccccc2)cc1,4.906578314837765
CHEMBL4537775,N=C(N)NCCC[C@H](NC(=O)c1ccccc1)C(=O)N[C@@H](CCCCN)C(=O)N[C@@H](C(=O)N[C@H]1CN(c2cccc(F)c2)C1=O)c1ccc(OCc2ccccc2)cc1,5.721246399047171
CHEMBL3740277,N=C(N)NCCC[C@H](NC(=O)c1ccccc1)C(=O)N[C@@H](CCCCN)C(=O)N[C@@H](C(N)=O)c1ccccc1,5.42021640338319
CHEMBL4563546,CN(C(=O)c1ccccc1)[C@@H](CCCNC(=N)N)C(=O)N[C@@H](CCCCN)C(=O)N[C@@H](C(N)=O)c1ccccc1,5.443697499232712
CHEMBL4519077,N=C(N)NCCC[C@H](NC(=O)C(=O)c1ccccc1)C(=O)N[C@@H](CCCCN)C(=O)N[C@@H](C(N)=O)c1ccccc1,5.3872161432802645
CHEMBL3335494,N=C(N)NCCC[C@H](NC(=O)c1ccccc1)C(=O)N[C@@H](CCCCN)C(=O)N[C@H](C(N)=O)c1ccccc1,5.481486060122113
CHEMBL4464884,CC(NC(=O)[C@H](CCCCN)NC(=O)[C@H](CCCNC(=N)N)NC(=O)c1ccccc1)(C(N)=O)c1ccccc1,5.886056647693163
CHEMBL4469272,C[C@](NC(=O)[C@H](CCCCN)NC(=O)[C@H](CCCNC(=N)N)NC(=O)c1ccccc1)(C(N)=O)c1ccccc1,6.221848749616356
CHEMBL4519543,C[C@@](NC(=O)[C@H](CCCCN)NC(=O)[C@H](CCCNC(=N)N)NC(=O)c1ccccc1)(C(N)=O)c1ccccc1,5.022276394711152
CHEMBL4474101,CN(C(=O)c1ccccc1)[C@@H](CCCNC(=N)N)C(=O)N[C@@H](CCCCN)C(=O)N[C@@](C)(C(N)=O)c1ccccc1,5.522878745280337
CHEMBL3741422,N=C(N)NCCC[C@H](NC(=O)c1ccccc1)C(=O)N[C@@H](CCCCN)C(=O)N[C@@H](C(N)=O)c1ccc(OCc2ccccc2)cc1,6.3979400086720375
CHEMBL4545026,CN(C(=O)c1ccccc1)[C@@H](CCCNC(=N)N)C(=O)N[C@@H](CCCCN)C(=O)N[C@@H](C(N)=O)c1ccc(OCc2ccccc2)cc1,5.795880017344075
CHEMBL4533598,O=C(Nc1cccs1)c1ccccc1Sc1ccc([N+](=O)[O-])cc1,4.008773924307505
CHEMBL4522006,O=C(Nc1nc2cc(O)c(O)cc2s1)c1ccccc1Sc1ccc(C(F)(F)F)cc1,5.443697499232712
CHEMBL4441561,N#C/C(=C\c1ccc(-c2ccc(C(=O)O)cc2)s1)c1nc2cc(Cl)ccc2[nH]1,5.22548303427145
CHEMBL4450411,O=C(O)c1cc2sc(NC(=O)c3ccccc3Sc3ccc(C(F)(F)F)cc3)nc2cc1O,4.180456064458132
CHEMBL4457482,CCCCCCCCCCCCCCCC[N+](CC)(CO)CO.[Br-],4.645315446045271
CHEMBL1458891,Cc1ccc(C2=NC(=O)/C(=C/c3cc(O)c(O)c(Br)c3)S2)cc1,5.531652669587842
CHEMBL1324,Cc1ccc(C(=O)c2cc(O)c(O)c([N+](=O)[O-])c2)cc1,6.1938200260161125
CHEMBL4550503,CCc1ccc(NS(=O)(=O)c2ccc(N3C(=O)c4ccccc4C3=O)cc2)cc1,4.31695296176115
CHEMBL4584771,O=C1c2ccccc2C(=O)N1c1ccc(S(=O)(=O)Nc2cccc3ccccc23)cc1,3.9139962943816182
CHEMBL4441383,COC(=O)c1[nH]c2ccc(Cl)cc2c1C(=O)c1cc(OC)c(O)c(OC)c1,5.173925197299174
CHEMBL4447800,Cc1ccc2nc(-c3ccc4nc(-c5ccc(NC(=O)c6ccc7nc(-c8ccc(N)cc8)sc7c6)cc5)sc4c3)sc2c1S(=O)(=O)O.N,5.823908740944319
CHEMBL4436496,Nc1cc(N)c(/N=N/c2ccc(S(=O)(=O)Nc3nccs3)cc2)cc1/N=N/c1ccc(S(=O)(=O)Nc2nccs2)cc1,5.560667306169737
CHEMBL4640386,CCCCCC(=O)N[C@H](C(=O)NCc1ccc(CN)cc1)c1ccc(OCc2ccccc2)cc1.O=C(O)C(F)(F)F,5.309803919971486
CHEMBL4638202,CCCCCC(=O)N[C@H](C(=O)NCc1cccc(CN)c1)c1ccc(OCc2ccccc2)cc1,4.522878745280337
CHEMBL4649655,CCCCCC(=O)N[C@H](C(=O)NCc1ccc(NC(=N)N)cc1)c1ccc(OCc2ccccc2)cc1.O=C(O)C(F)(F)F,4.958607314841775
CHEMBL4633636,CCCCCC(=O)N[C@H](C(=O)NCc1ccc(NC(=N)N)nc1)c1ccc(OCc2ccccc2)cc1.O=C(O)C(F)(F)F,4.721246399047171
CHEMBL4802111,CCCCCC(=O)N[C@H](C(=O)NCc1ccc(CNC(=N)N)cc1)c1ccc(OCc2ccccc2)cc1.O=C(O)C(F)(F)F,4.853871964321762
CHEMBL3335490,N=C(N)NCCC[C@H](NC(=O)c1ccccc1)C(=O)N[C@@H](CCCCN)C(=O)NCC(N)=O,4.638272163982407
CHEMBL4641816,CCCCCC(=O)N[C@H](C(=O)NCc1ccc(NC(=N)N)cc1)c1ccc(OCc2ccc(C(F)(F)F)cc2)cc1.O=C(O)C(F)(F)F,5.130768280269024
CHEMBL4645091,CCCCCC(=O)N[C@@H](C(=O)NCc1ccc(NC(=N)N)cc1)c1ccc(OCc2ccc(C(F)(F)F)cc2)cc1.O=C(O)C(F)(F)F,5.180456064458132
CHEMBL4635643,CCCCCC(=O)N[C@H](C(=O)NCc1ccc(NC(=N)N)cc1)c1ccc(OCc2ccc(C#N)cc2)cc1.O=C(O)C(F)(F)F,4.3979400086720375
CHEMBL4649859,CCCCCC(=O)N[C@H](C(=O)NCc1ccc(NC(=N)N)cc1)c1ccc(OCc2c(Cl)cccc2Cl)cc1.O=C(O)C(F)(F)F,5.5376020021010435
CHEMBL4638743,CCCCCC(=O)N[C@@H](C(=O)NCc1ccc(NC(=N)N)cc1)c1ccc(OCc2ccc(Cl)c(Cl)c2)cc1.O=C(O)C(F)(F)F,5.2441251443275085
CHEMBL4638581,CCCCCC(=O)N[C@H](C(=O)NCc1ccc(NC(=N)N)cc1)c1ccc(OCc2ccc(C(C)(C)C)cc2)cc1.O=C(O)C(F)(F)F,4.886056647693163
CHEMBL4632524,CCCCCCC(=O)N[C@H](C(=O)NCc1ccc(NC(=N)N)cc1)c1ccc(OCc2ccccc2)cc1.O=C(O)C(F)(F)F,5.167491087293763
CHEMBL4641383,CCCCCCCC(=O)N[C@H](C(=O)NCc1ccc(NC(=N)N)cc1)c1ccc(OCc2ccccc2)cc1.O=C(O)C(F)(F)F,5.318758762624412
CHEMBL4649657,CCCCCCCCCC(=O)N[C@H](C(=O)NCc1ccc(NC(=N)N)cc1)c1ccc(OCc2ccccc2)cc1.O=C(O)C(F)(F)F,5.638272163982407
CHEMBL4638781,N=C(N)Nc1ccc(CNC(=O)[C@@H](NC(=O)CC2CCCCC2)c2ccc(OCc3ccccc3)cc2)cc1.O=C(O)C(F)(F)F,5.045757490560675
CHEMBL4646053,N=C(N)Nc1ccc(CNC(=O)[C@@H](NC(=O)c2ccc(OC3CCCCC3)cc2)c2ccc(OCc3ccccc3)cc2)cc1.O=C(O)C(F)(F)F,5.229147988357856
CHEMBL4634331,N=C(N)Nc1ccc(CNC(=O)[C@@H](NC(=O)c2ccc(Oc3ccccc3)cc2)c2ccc(OCc3ccccc3)cc2)cc1.O=C(O)C(F)(F)F,5.3979400086720375
CHEMBL4643221,N=C(N)Nc1ccc(CNC(=O)[C@@H](NC(=O)c2cccc(Oc3ccccc3)c2)c2ccc(OCc3ccccc3)cc2)cc1.O=C(O)C(F)(F)F,5.309803919971486
CHEMBL4646812,N=C(N)Nc1ccc(CNC(=O)[C@@H](NC(=O)c2ccc(OCc3ccccc3)cc2)c2ccc(OCc3ccccc3)cc2)cc1.O=C(O)C(F)(F)F,5.356547323513812
CHEMBL4634176,N=C(N)Nc1ccc(CNC(=O)[C@@H](NC(=O)c2ccc(OCc3ccc(Cl)cc3)cc2)c2ccc(OCc3ccccc3)cc2)cc1.O=C(O)C(F)(F)F,5.657577319177793
CHEMBL4639241,COc1cccc(COc2ccc(C(=O)N[C@H](C(=O)NCc3ccc(NC(=N)N)cc3)c3ccc(OCc4ccccc4)cc3)cc2)c1.O=C(O)C(F)(F)F,5.327902142064283
CHEMBL4633204,N=C(N)Nc1ccc(CNC(=O)[C@@H](NC(=O)c2ccc(-c3ccccc3)cc2)c2ccc(OCc3ccccc3)cc2)cc1.O=C(O)C(F)(F)F,5.7447274948966935
CHEMBL4638299,N=C(N)Nc1ccc(CNC(=O)[C@@H](NC(=O)c2ccc(-c3ccc(Cl)cc3)cc2)c2ccc(OCc3ccccc3)cc2)cc1.O=C(O)C(F)(F)F,5.698970004336019
CHEMBL4642710,N=C(N)Nc1ccc(CNC(=O)[C@@H](NC(=O)c2ccccc2-c2ccccc2)c2ccc(OCc3ccccc3)cc2)cc1.O=C(O)C(F)(F)F,4.619788758288394
CHEMBL4640021,N=C(N)Nc1ccc(CNC(=O)[C@@H](NC(=O)Cc2ccc(-c3ccccc3)cc2)c2ccc(OCc3ccccc3)cc2)cc1.O=C(O)C(F)(F)F,5.886056647693163
CHEMBL4642885,CCCCCC(=O)N[C@@H](C(=O)NCc1ccc(CN)cc1)c1ccc(OCc2ccc(Cl)c(Cl)c2)cc1.O=C(O)C(F)(F)F,5.508638306165727
CHEMBL4636584,N=C(N)NCc1ccc(CNC(=O)[C@H](NC(=O)c2ccc(Oc3ccccc3)cc2)c2ccc(OCc3ccc(Cl)c(Cl)c3)cc2)cc1.O=C(O)C(F)(F)F,5.6020599913279625
CHEMBL4633312,N=C(N)Nc1ccc(CNC(=O)[C@@H](NC(=O)Cc2ccc(-c3ccccc3)cc2)c2ccc(OCc3c(Cl)cccc3Cl)cc2)cc1.O=C(O)C(F)(F)F,6.267606240177032
CHEMBL4643526,N=C(N)Nc1ccc(CNC(=O)[C@@H](NC(=O)c2ccc(-c3cccs3)s2)c2ccc(OCc3ccccc3)cc2)cc1.O=C(O)C(F)(F)F,5.200659450546418
CHEMBL3758664,Brc1ccc(-c2ncc(OCC3CCNCC3)nc2-c2ccc(Br)cc2)cc1,4.455931955649724
CHEMBL4869904,Ic1ccc(-c2ncc(OCCC3CCNCC3)nc2-c2ccc(I)cc2)cc1,4.991399828238082
CHEMBL4857480,c1cc(-c2ccc(-c3ncc(OCC4CCNCC4)nc3-c3ccc(-c4ccsc4)cc3)cc2)cs1,5.443697499232712
CHEMBL4868257,CC(C)(C)c1ccc(-c2ncc(OCC3CCNCC3)nc2-c2ccc(C(C)(C)C)cc2)cc1,5.075720713938118
CHEMBL4851607,CC(C)(C)C(=O)OCc1ccc(-c2ncc(OCC3CCNCC3)nc2-c2ccc(COC(=O)C(C)(C)C)cc2)cc1,4.872895201635193
CHEMBL4877376,Cc1cc(CN)ccc1-c1ncc(OCC2CCNCC2)nc1-c1ccc(CN)cc1C,5.200659450546418
CHEMBL4867805,ONCc1ccc(-c2ncc(OCCC3CCNCC3)nc2-c2ccc(CNO)cc2)cc1,5.42021640338319
CHEMBL4451922,NCc1ccc(-c2cc(CNCC3CCNCC3)sc2-c2ccc(CN)cc2)cc1,4.698970004336019
CHEMBL4871503,NCc1ccc(-c2ncc(OCC3CCNCC3)nc2-c2ccc(Oc3ccccc3)cc2)cc1,4.301029995663981
CHEMBL4858938,NCc1ccc(-c2ncc(OCC3CCNCC3)nc2-c2ccc(-c3ccncc3)cc2)cc1,4.301029995663981
CHEMBL4862682,NCc1ccc(-c2ncc(OCC3CCNCC3)nc2-c2ccc(-c3cn[nH]c3)cc2)cc1,6.6777807052660805
CHEMBL4850391,NCc1ccc(-c2ncc(OCC3CCNCC3)nc2-c2ccc(-c3ccoc3)cc2)cc1,6.229147988357855
CHEMBL4853830,NCc1ccc(-c2ncc(OCC3CCNCC3)nc2-c2ccc3[nH]ccc3c2)cc1,6.1938200260161125
CHEMBL4856850,CNCc1ccc(-c2ncc(OCC3CCNCC3)nc2-c2ccc(-c3ccoc3)cc2)cc1,6.136677139879544
CHEMBL4862353,NCc1ccc(-c2ncc(NCC3CCNCC3)nc2-c2ccc(-c3ccoc3)cc2)cc1,6.5376020021010435
CHEMBL4876865,NCc1ccc(-c2ccc(NCC3CCNCC3)nc2-c2ccc(-c3ccoc3)cc2)cc1,6.0655015487564325
CHEMBL4848934,NC(=O)c1ccc(-c2ncc(OCC3CCNCC3)nc2-c2ccc(-c3ccoc3)cc2)cc1,6.008773924307505
CHEMBL4872757,NCc1ccc(-c2ncc(OCC3CCNCC3)nc2-c2ccc(C3CCOCC3)cc2)cc1,5.619788758288394
CHEMBL4871540,O=C(C[C@H](NC(=O)c1ccccc1)C(=O)Nc1nc2cc(O)c(O)cc2s1)Nc1ccccc1,5.002176919254275
CHEMBL4876394,O=C(Nc1nc2cc(O)c(O)cc2s1)C(c1ccccc1)c1ccccc1,4.953895212753961
CHEMBL4850218,O=C(Nc1nc2cc(O)c(O)cc2s1)c1ccccc1,4.569441230477242
CHEMBL4878316,O=C(Nc1nc2cc(O)c(O)cc2s1)c1ccc(I)cc1,5.3585258894959
CHEMBL4848342,O=C(Nc1nc2cc(O)c(O)cc2s1)c1ccc(Cl)cc1,5.224025668870631
CHEMBL4855786,Cc1ccc(C(=O)Nc2nc3cc(O)c(O)cc3s2)cc1,5.1944991418416
CHEMBL4859361,O=C(Nc1nc2cc(O)c(O)cc2s1)c1ccc(-c2ccccc2)cc1,5.107905397309519
CHEMBL4871256,O=C(Nc1nc2cc(O)c(O)cc2s1)c1ccc(Cl)c(Cl)c1,5.313363730737707
CHEMBL4871038,O=[N+]([O-])c1ccc2nc(NC(=S)Nc3ccc(I)cc3)sc2c1,4.9503943874050265
CHEMBL4870594,O=C(Nc1ccccc1)[C@@H]1CCCN1C(=O)c1nc2cc(O)c(O)cc2s1,4.935916564036404
CHEMBL4857961,O=C(Nc1ccccc1)c1nc2cc(O)c(O)cc2s1,4.569441230477242
CHEMBL4857545,O=C(Nc1ccccc1)c1cc2cc(O)c(O)cc2[nH]1,5.161150909262744
CHEMBL4848445,O=C(Nc1ccccc1)[C@@H]1CCCN1C(=O)c1cc2cc(O)c(O)cc2s1,5.396855627379818
CHEMBL4872363,O=C(Nc1ccccc1)c1cc2cc(O)c(O)cc2s1,5.5638373529592435
CHEMBL4875563,O=C(Nc1ccccc1)[C@@H]1CCCN1C(=O)c1cc2cc(O)c(O)cc2o1,5.191789027075778
CHEMBL4865575,O=C(Nc1ccccc1)c1cc2cc(O)c(O)cc2o1,6.161150909262744
CHEMBL4853600,O=C(Nc1ccccc1)[C@@H]1CCCCN1C(=O)c1cc2cc(O)c(O)cc2o1,5.325138859262188
CHEMBL4870335,O=C(Nc1ccccc1)c1cnc2cc(O)c(O)cc2c1,5.440093374963888
CHEMBL4872711,O=C(Nc1ccccc1)[C@@H]1CCCN1C(=O)c1cc2c(O)cc(O)cc2o1,4.557677044254426
CHEMBL4859701,O=C(Nc1ccc(I)cc1)c1nc2cc(O)c(O)cc2s1,5.605548319173784
CHEMBL4874382,NCCCC[C@H](NC(=O)c1ccccc1)C(=O)N[C@H](C(=O)N[C@H](C(N)=O)C1CCCCC1)c1ccc(OCc2ccccc2)cc1,5.00436480540245
CHEMBL4869859,N=C(N)Nc1ccc(C[C@H](NC(=O)[C@@H](NC(=O)c2ccccc2)c2ccc(OCc3ccccc3)cc2)C(=O)N[C@@H](C(N)=O)c2ccc(OCc3ccccc3)cc2)cc1,5.769551078621726
CHEMBL4860444,N=C(N)NCCC[C@H](NC(=O)c1ccccc1)C(=O)N[C@@H](CCCCN)C(=O)N[C@@H](C(=O)NCc1ccc(CN)cc1)c1ccc(OCc2ccccc2)cc1,6.522878745280337
CHEMBL4863749,NCCCC[C@H](NC(=O)c1ccccc1)C(=O)N[C@@H](C(=O)N[C@@H](C(N)=O)C1CCCCC1)c1ccc(OCc2ccccc2)cc1,5.102372908709558
CHEMBL4865561,NCCCC[C@H](NC(=O)[C@@H](NC(=O)c1ccccc1)c1ccc(OCc2ccccc2)cc1)C(=O)N[C@@H](C(N)=O)c1ccc(OCc2ccccc2)cc1,5.180456064458132
CHEMBL4847952,N=C(N)NCCC[C@H](NC(=O)c1ccccc1)C(=O)N[C@@H](CCCCN)C(=O)N[C@@H](C(=O)NCc1ccc(C(N)=O)cc1)c1ccc(OCc2ccccc2)cc1,6.3979400086720375
CHEMBL4864398,NCCCC[C@H](NC(=O)c1ccccc1)C(=O)N[C@@H](C(=O)N[C@H](C(N)=O)C1CCCCC1)c1ccc(OCc2ccccc2)cc1,5.026872146400302
CHEMBL4849531,N=C(N)NCCC[C@H](NC(=O)c1ccccc1)C(=O)N[C@@H](CCCCN)C(=O)N[C@@H](C(=O)N[C@H](C(N)=O)C1CCCCC1)c1ccc(OCc2ccccc2)cc1,4.863279432843593
CHEMBL4860057,NCCCC[C@H](NC(=O)c1ccccc1)C(=O)N[C@H](Cc1ccc(N)cc1)C(=O)NCc1ccc(OCc2ccccc2)cc1,4.446116973356125
CHEMBL4871225,COc1cccc(Cn2c3ccc(-c4cccc(-c5noc(=O)[nH]5)c4)cc3c3cc(-c4cccc(-c5noc(=O)[nH]5)c4)ccc32)c1,3.9172146296835497
CHEMBL4446364,COc1cccc(Cn2c3ccc(-c4cccc(C(=N)N)c4)cc3c3cc(-c4cccc(C(=N)N)c4)ccc32)c1,5.567030709125595
CHEMBL4568823,COc1cccc(S(=O)(=O)n2c3ccc(-c4cccc(C(=N)N)c4)cc3c3cc(-c4cccc(C(=N)N)c4)ccc32)c1,5.346787486224656
CHEMBL4870296,N=C(N)c1cccc(-c2ccc3c(c2)c2cc(-c4cccc(C(=N)N)c4)ccc2n3S(=O)(=O)c2ccccc2OC(F)(F)F)c1,5.008773924307505
CHEMBL4860508,N=C(N)c1cccc(-c2ccc3c(c2)c2cc(-c4cccc(C(=N)N)c4)ccc2n3S(=O)(=O)c2ccccc2Br)c1,5.055517327849832
CHEMBL4854366,N=C(N)c1cccc(-c2ccc3c(c2)c2cc(-c4cccc(C(=N)N)c4)ccc2n3S(=O)(=O)c2cccc(C(F)(F)F)c2)c1,5.5376020021010435
CHEMBL4879110,N=C(N)c1cccc(-c2ccc3c(c2)c2cc(-c4cccc(C(=N)N)c4)ccc2n3S(=O)(=O)c2cccc(OC(F)(F)F)c2)c1,5.508638306165727
CHEMBL4868241,COc1ccc(S(=O)(=O)n2c3ccc(-c4cccc(C(=N)N)c4)cc3c3cc(-c4cccc(C(=N)N)c4)ccc32)cc1,5.180456064458132
CHEMBL4854249,N/C(=N\O)c1cccc(-c2ccc3c(c2)c2cc(-c4cccc(/C(N)=N/O)c4)ccc2n3Cc2cccc(Br)c2)c1,4.7447274948966935
CHEMBL4876027,CC(C)(C)c1ccc(-c2ccc3c(C(=O)NCC4CCNCC4)c[nH]c3c2)cc1,4.517126416391246
CHEMBL4849553,CC(C)(C)c1ccc(-c2ccc3cc(C(=O)NCC4CCNCC4)[nH]c3c2)cc1,4.823908740944319
CHEMBL4875360,Cc1ccc(-c2ccc3c(C(=O)NCC4CCNCC4)c[nH]c3c2)cc1,4.301029995663981
CHEMBL4870696,N#Cc1ccc(-c2ccc3c(C(=O)NCC4CCNCC4)c[nH]c3c2)cc1,4.920818753952375
CHEMBL4856452,O=C(NCC1CCNCC1)c1c[nH]c2cc(-c3ccc(CN4CCCCC4)cc3)ccc12,4.303643611266668
CHEMBL4849139,O=C(NC1CCNCC1)c1c[nH]c2cc(-c3ccncc3)ccc12,5.0
CHEMBL4861658,O=C(NCC1CCNCC1)c1c[nH]c2cc(-c3cn[nH]c3)ccc12,4.316052869248487
CHEMBL4868018,O=C(NCC1CCNCC1)c1cc2cc(-c3ccc(N4CCCCC4)cc3)ccc2[nH]1,4.39577394691553
CHEMBL4855636,Cc1cc(C#N)ccc1-c1ccc2[nH]c(C(=O)NCC3CCNCC3)cc2c1,4.301029995663981
CHEMBL4869765,COc1ccc(-c2ccc3cc(C(=O)NCC4CCNCC4)[nH]c3c2)cc1,4.97469413473523
CHEMBL4864012,O=C(NCC1CCNCC1)c1cc2ccc(-c3ccc(OC(F)(F)F)cc3)cc2[nH]1,4.97061622231479
CHEMBL4867842,O=C(NCC1CCNCC1)c1cc2ccc(-c3ccc(Oc4ccccc4)cc3)cc2[nH]1,5.187086643357144
CHEMBL4871785,O=C(NCC1CCNCC1)c1cc2ccc(-c3cn[nH]c3)cc2[nH]1,4.987162775294828
CHEMBL4862793,O=C(NCC1CCNCC1)c1cc2ccc(-c3ccoc3)cc2[nH]1,5.795880017344075
CHEMBL4865004,O=C(NCC1CCNCC1)c1c[nH]c2cc(-c3ccoc3)c(-c3ccoc3)cc12,5.508638306165727
CHEMBL4852919,O=C(NCC1CCNCC1)c1c[nH]c2nc(-c3ccc(CN4CCCCC4)cc3)ccc12,5.036212172654444
CHEMBL5083861,COc1ccc(S(=O)(=O)n2nc(OC(=O)c3ccc(-c4ccccc4)cc3)cc2N)cc1,6.301029995663981
CHEMBL5075008,Nc1ccc(C(=O)Oc2cc(N)n(S(=O)(=O)c3ccc(Oc4ccccc4)cc3)n2)cc1,8.045757490560675
CHEMBL5092085,Nc1cc(OC(=O)c2ccc(-c3ccccc3)cc2)nn1S(=O)(=O)c1ccccc1,7.920818753952375
CHEMBL5075993,CCOc1ccc(S(=O)(=O)n2nc(OC(=O)c3ccc(-c4ccccc4)cc3)cc2N)cc1,8.221848749616356
CHEMBL5081752,Nc1ccc(C(=O)Oc2cc(N)n(S(=O)(=O)c3ccc(Br)cc3)n2)cc1,7.130768280269024
CHEMBL5094815,N=C(N)N[C@H]1CC[C@H](CNC(=O)[C@H](CCCCN)NC(=O)[C@H](CCCCN)NC(=O)Cc2ccc(OCCCCS)cc2)CC1,4.7677664788852665
